2018-05-16	14	Talk Cocktail	If Gina Haspel is confirmed, will CIA torture begin anew?	https://api.substack.com/feed/podcast/863339.rss
2019-04-10	61	The Malliard Report: Where the Paranormal Meets Pennsylvania Grit.	John Kiriakou	https://api.substack.com/feed/podcast/1185397.rss
2020-08-24	60	Clearing the FOG with co-hosts Margaret Flowers and Kevin Zeese	The Banal Evil Of US Imperialism: A View From Inside The CIA	https://clearingthefogradioshow.libsyn.com/rss
2023-02-08	48	Fortress On A Hill (FOH) Podcast	John Kiriakou – Ep 133	https://feeds.captivate.fm/fortressonahill/
2024-07-30	51	Spartan Leadership with Josh Kosnick	CIA EXPOSED: Whistleblower Reveals Torture Secrets with John Kiriakau | Josh Kosnick	https://rss.buzzsprout.com/222642.rss
2025-04-02	61	UK Column News	UK Column News Podcast 2nd April 2025	https://anchor.fm/s/1044e334c/podcast/rss
2025-06-03	31	Daniel Davis Deep Dive	Ukraine Drone Strikes on Russia: How Much did the West Help w/John Kiriakou	https://rss.art19.com/daniel-davis-deep-dive
2026-02-05	108	XG MARKS THE SPOT	John Kiriakou on TFH, The arrest of Ryan Wedding & D4vd on going case l XG Marks the spot LIVE LIVE	https://www.spreaker.com/show/6648050/episodes/feed
2026-07-09	73	The Farah Shammas Podcast	The untold stories of John Kiriakou - CIA Whistleblower	https://rss.buzzsprout.com/2545039.rss
2026-07-06	73	The Pocket with Chris Griffin	#145: CIA Whistleblower John Kiriakou: “If they want you, they will get you”	https://feeds.megaphone.fm/TPPP9023753619
2026-07-01	64	Legal Owl	Prison Reform Through the Eyes of John Kiriakou: An In-Depth Discussion	https://feeds.captivate.fm/legal-owl/
2026-06-16	61	Joannes Wyckmans Podcast	John Kiriakou: CIA Secrets, Soft Power, and the Poppy Trade	https://anchor.fm/s/10b1106b4/podcast/rss
2026-06-11	168	The Jason Jones Show	3 Hours with John Kiriakou: CIA Whistleblower on JFK, Conspiracies & Power	https://feeds.simplecast.com/Twi3PAW5
2026-06-08	36	Mitha Intel	Ex-CIA John Kiriakou: Israel CONSTANTLY Spies on Americans	https://anchor.fm/s/fc43e264/podcast/rss
2026-06-07	119	Jack Neel Podcast	John Kiriakou: "He Sold Us Secrets!" How Jefferey Epstein Ran Mossad, MI6, and The CIA│Jack Neel	https://anchor.fm/s/10d9805f4/podcast/rss
2026-06-05	141	This Past Weekend w/ Theo Von	John Kiriakou	https://feeds.megaphone.fm/thispastweekend
2026-06-02	70	It's Rainmaking Time!®	John Kiriakou- Unfinished Business: A Raw Exchange with a CIA Whistleblower	https://itsrainmakingtime.ch/feed/podcast/
2026-05-27	60	The Mechanic	S1E9 Kiriakou, John Kiriakou	https://feeds.acast.com/public/shows/the-mechanic
2026-05-18	60	The Jeff Dornik Show	Ex-CIA John Kiriakou: Israel, Epstein & The Swamp’s Holy Mess	https://www.spreaker.com/show/4788100/episodes/feed
2026-05-17	45	The Matan Show	Matan Confronts John Kiriakou For Secretly Working For Israel	https://feeds.megaphone.fm/TPC7210109796
2026-05-05	46	Whistleblower of the Week	John Kiriakou: CIA Whistleblower Exposed Torture Program and Paid the Price	https://rss.buzzsprout.com/1741657.rss
2026-05-04	200	Cleared Hot - Powered By BRCC	The Cost of Telling the Truth | John Kiriakou | Ep. 446	https://rss.pdrl.fm/9cf902/feeds.libsyn.com/122928/rss/?redirect=false
2026-04-30	136	Jay'sAnalysis	THEY Really Did THIS....John Kiriakou & Jay Dyer	https://www.spreaker.com/show/1423846/episodes/feed
2026-04-28	174	Matthew Cox | Inside True Crime Podcast	FBI Agent Reveals the Truth About Snowden, Kiriakou & Kash Patel	https://feeds.megaphone.fm/RHAPSODYVOICES9767353659
2026-04-27	54	The CARLOS Podcast	*NEW* Ex-CIA Spy John Kiriakou on Iran, JFK, Torture, and the CIA's Deep Secrets (CIA Whistleblower)	https://rss.libsyn.com/shows/605525/destinations/5272905.xml
2026-04-23	85	The Adversity Advantage with Doug Bopst	Former CIA Spy: How To Spot Liars & Manipulators Before They Control You | John Kiriakou	https://feeds.megaphone.fm/QCD6800025034
2026-04-09	25	The Startup Signal	John Kiriakou on CIA hacking and recruitment	https://feed.podbean.com/danielrivera2k20/feed.xml
2026-04-06	168	Danny Jones Podcast	#385 - “Trump’s Worst Nightmare Just Came True” CIA Spy on Iran War | John Kiriakou	https://feeds.megaphone.fm/QCD2752074976
2026-04-03	41	The Chris Hedges Report	Is Iran the 'Leading State Sponsor of Terrorism?' (w/ John Kiriakou) | The Chris Hedges Report	https://feed.podbean.com/chrishedges/feed.xml
2026-04-02	100	The Megyn Kelly Show	Trump FIRES Bondi, CIA's "MK Ultra" History, and "Two Weeks" Talking Point, with John Kiriakou, Sean Davis, and Sohrab Ahmari  |  Ep. 1287	https://feeds.simplecast.com/RV1USAfC
2026-03-30	91	The System Unfiltered	‪@DeepFocuswithJohnKiriakou‬ Ex CIA Whistleblower interviews Ex NYPD Whistleblower	https://api.riverside.fm/hosting/HGBC2bRu.rss
2026-03-30	64	Piers Morgan Uncensored	'You Don't Stand Up To Evil, You LOSE!' Iran Ground Invasion | Feat John Kiriakou & Rudy Giuliani	https://feeds.megaphone.fm/RSV2152356740
2026-03-23	32	The Weekly Filibuster	Episode 3: Jack Luh on Iran, John Kiriakou ,and March Madness	https://anchor.fm/s/10ca75334/podcast/rss
2026-03-19	63	DMZ America with Ted Rall & Scott Stantis	Episode 233| March 19, 2026: Scott Has Questions for John Kiriakou	https://rss.buzzsprout.com/1829921.rss
2026-03-12	76	what should we call it	John Kiriakou and People who suck	https://anchor.fm/s/1bea3808/podcast/rss
2026-03-09	58	The Anchormen Show with Matt Gaetz	The Anchormen Show EP 105 - Spy Games w: Pearson Sharp & John Kiriakou	https://anchor.fm/s/ea4136c/podcast/rss
2026-02-27	57	The Ripple Effect Podcast	The Ripple Effect Podcast (Ex-CIA John Kiriakou | War On Whistleblowers: The High Cost of Speaking Truth To Power)	https://rvtheory6.podomatic.com/rss2.xml
2026-02-27	51	The DeVory Darkins Show	CIA Whistleblower John Kiriakou drops brutal truth about America's torture program	https://anchor.fm/s/1042dee5c/podcast/rss
2026-02-26	52	con-sara-cy theories	Episode 110: John Kiriakou on the DOAC Podcast, Part 1	https://rss.buzzsprout.com/2289560.rss
2026-02-24	65	Julian Dorey Daily	CIA Spy Believes Tucker Carlson's "Supra Gov." Theory is SPOT ON | John Kiriakou	https://feeds.megaphone.fm/QCD3891059623
2026-02-23	49	TAC Right Now	John Kiriakou on CIA Propaganda, War with Iran and Going Viral	https://amconrightnow.libsyn.com/rss
2026-02-19	78	MAD THAT w/ Harry Robinson & Carl Reigler	CIA SPY VS 9/11 | JOHN KIRIAKOU	https://feeds.acast.com/public/shows/6777d0d8598149a3f9d76129
2026-02-18	65	History Told Forward: The Stories That Shape Who We Are	John Kiriakou: Whistleblower Inside the CIA’s Torture Program	https://feeds.captivate.fm/history-told-forward/
2026-02-18	97	Lost Aux Media	Ep.083 - Who in the F*ck is John Kiriakou?	https://feed.podbean.com/LostAuxPod/feed.xml
2026-02-14	126	The Truth with John Gordon	Are Savannah Guthrie Headlines an Epstein Files Distraction? Plus: Ex-Cia Agent John Kiriakou	https://feeds.acast.com/public/shows/6895f778f9482328d0054dc9
2026-02-14	73	Unleashing Intuition Secrets	⚖️ John Kiriakou & Ian Trottier on CIA Secrets, John Brennan Allegations & High Stakes Treason | Michael Jaco	https://feed.podbean.com/michaelkjaco/feed.xml
2026-02-13	91	My Price Is My Life With James O’Keefe	John Kiriakou: Inside the CIA and the Cost of Speaking Out | My Price Is My Life Ep #22	https://feed.podbean.com/mypriceismylife/feed.xml
2026-02-10	64	Epic Real Estate Investing	EX-CIA OFFICER: Americans Have No Idea What's ACTUALLY Happening to Them | John Kiriakou	https://rss.libsyn.com/shows/32365/destinations/70728.xml
2026-02-05	59	Eric A. Cinotti: Unplugged	CIA Whistleblower John Kiriakou Exposes Post-9/11 Torture, Government Secrecy, and the Cost of Telling the Truth	https://www.spreaker.com/show/6855442/episodes/feed
2026-02-05	51	U Cast Studios	John Kiriakou On Venezuela, The Maduro Trial, And More (The Talk Spot)	https://ucaststudios.libsyn.com/rss
2026-01-23	119	Tin Foil Hat With Sam Tripoli	#959: Spy Vs Spy With John Kiriakou	https://rss.libsyn.com/shows/467049/destinations/3949218.xml
2026-01-06	65	Moment of Clarity	Former CIA Officer John Kiriakou on Venezuela, 9/11 & More!	https://rss.amperwave.net/v2/feed/podcorn/1295984f1a3f61366d87e69dcbaec446
2026-01-03	61	Politics and Prose Presents	50 Years of Project Censored: State of the Free Press - Panel with Ryan Grim, Lauren Harper, John Kiriakou, Mischa Geracoulis, Joe Lauria - moderated by Mickey Huff	https://anchor.fm/s/10003f420/podcast/rss
2025-12-15	28	Going Underground Hosted by Afshin Rattansi	CIA Whistleblower John Kiriakou REVEALS ALL on US-Israel Alliance, Warns of DISASTER in Venezuela	https://feeds.castos.com/k4rk5
2025-12-11	55	The Unfettered Speech Podcast	EP:22 [GUEST] John Kiriakou : Inside The CIA: Torture, Coverups, And Consequences	https://feeds.redcircle.com/3b458b8a-d97e-498c-b043-54aac04f0ee3
2025-12-08	37	Judging Freedom	[EXCLUSIVE SPECIAL] : John Kiriakou: The CIA’s Tortures and Crimes.	https://rss.art19.com/judging-freedom
2025-11-22	34	American Exception	CIA Veterans and the Deep State – John Kiriakou and Barry Eisler	https://feed.podbean.com/aarontgood/feed.xml
2025-10-27	29	Talk With History: Discover Your History Road Trip	Military Service after 9/11 on the Deep Focus podcast with John Kiriakou	https://feeds.captivate.fm/talk-with-history/
2025-10-16	124	Seymizzle Podcast	Ask Ex-CIA agent and whistleblower John Kiriakou anything	https://anchor.fm/s/67e8620c/podcast/rss
2025-10-10	156	The Joe Rogan Experience	#2392 - John Kiriakou	https://feeds.megaphone.fm/GLT1412515089
2025-10-02	147	Truth Hurts Show	John Kiriakou: Exposing Epstein, Mossad, CIA Torture & the Blackmail Playbook	https://feed.ausha.co/YPv9ri8w0R7r
2025-09-16	35	The Disinfo Detox	Inside the CIA: Secrets, Scandals, and the Price of Whistleblowing W/ John Kiriakou	https://anchor.fm/s/1012ec3d4/podcast/rss
2025-09-10	113	WiseNuts Podcast	EP0343 John Kiriakou | CIA Whistleblower EXPOSES Shocking Truths About JFK, 9/11, and Israel's Secrets!	https://anchor.fm/s/d0bf998/podcast/rss
2025-09-06	36	Virtuous Leaders with Dr. Johann D'Souza	EP.82 – JOHN KIRIAKOU: CHOOSING TRUTH OVER CAREER—WOULD YOU? | COURAGE | FAITH UNDER FIRE | WHISTLEBLOWER | CATHOLIC VALUES	https://anchor.fm/s/dbba71ac/podcast/rss
2025-09-02	73	Yung Flamingo Club	Yung Flamingo Club: John Kiriakou	https://anchor.fm/s/4ed344f8/podcast/rss
2025-08-31	258	Dalton Fischer Podcast	Mossad, Terrifying CIA Technology, Blackwater & The Most Secret CIA Unit | John Kiriakou	https://rss.buzzsprout.com/2373344.rss
2025-07-25	88	GOLD SHIELDS	GOLD SHIELDS EPISODE 128: THE TRUE LIES OF THE CIA – CIA INSIDER JOHN KIRIAKOU EXPOSES ALL	https://rss.buzzsprout.com/2109780.rss
2025-07-21	63	Capital & Coast	JAILED for Exposing CIA Secrets | John Kiriakou	https://feed.podbean.com/capitalcoast/feed.xml
2025-07-11	84	Useful Idiots with Katie Halper and Aaron Maté	CIA Whistleblower John Kiriakou: "They DESTROYED Epstein Files”	https://feeds.redcircle.com/7090379b-af2f-4972-a14d-b4041f474ee4
2025-07-09	129	PBD Podcast	Epstein Cover-Up, Ghislaine Maxwell & Israel's Role w/ CIA Whistleblower John Kiriakou | PBD Podcast | Ep. 612	https://anchor.fm/s/2fa50a94/podcast/rss
2025-06-04	147	The Tucker Carlson Show	John Kiriakou: CIA’s Secret Torture Programs, MK-Ultra, 9-11, and Jailing Political Opponents	https://feeds.megaphone.fm/RSV1597324942
2025-06-01	145	The Tegan Broadwater Podcast	"NOT SILENCED" - The CIA and John Kiriakou - Stories Untold	https://feeds.castos.com/vo8m
2025-05-28	61	Change Agents with Andy Stumpf	How the War on Terror Created a New Generation of Enemies (with CIA Whistleblower John Kiriakou)	https://feeds.megaphone.fm/IRD8819642917
2025-05-21	91	Austin and Matt Podcast	#04 CIA Whistleblower John Kiriakou: The Truth They Tried to Bury 🇺🇸🕵️‍♂️	https://feed.podbean.com/austinandmatt/feed.xml
2025-05-19	60	The Free Thought Project Podcast	Guest: John Kiriakou — CIA Whistleblower on America’s Secret Drug Wars & Israel’s Shadow Grip on U.S. Politics	https://feed.podbean.com/thefreethoughtproject/feed.xml
2025-05-03	41	Crossing Faiths	162: John Kiriakou	https://feeds.fireside.fm/crossingfaiths/rss
2025-04-24	51	LA Progressive	John Kiriakou Speaks	https://api.substack.com/feed/podcast/382849.rss
2025-04-19	37	Trip the Beltway Fantastic With Kelley Vlahos and Friends	Why is Trump Making John Kiriakou so ‘Frightened and Disturbed’?	https://feeds.redcircle.com/4d07ef8e-d065-426b-899b-6cb174162c87
2025-04-19	76	The Big Mig Show	Ex-CIA & Founder of Panquake, John Kiriakou |EP531	https://anchor.fm/s/fc419e50/podcast/rss
2025-04-18	41	Colonial Outcasts	CIA Whistleblower John Kiriakou on Renditions to El Salvatore and the Coming Government Crackdown	https://anchor.fm/s/ef9dcb38/podcast/rss
2025-04-16	66	The Dr. Phil Podcast	Top Secrets: The CIA Torture Whistleblower John Kiriakou	https://rss.pdrl.fm/220f64/rss.art19.com/the-dr-phil-podcast
2025-04-07	61	Borderland: Narcosis with Vincent 'Rocco' Vargas	CIA Whistleblower Exposes the Agency’s Role in the Drug Trade (with John Kiriakou)	https://feeds.megaphone.fm/IRD7587717552
2025-04-01	107	The Clear Signal with Steve Visscher	John Kiriakou	https://feeds.captivate.fm/theclearsignal/
2025-03-29	44	Lionel Nation	Inside the CIA: Whistleblower John Kiriakou Reveals What You Were NEVER Meant to Know	https://back.studeo.fm/podcasts/132/rss-feeds
2025-03-26	61	Podcast UFO	656B. Former CIA, John Kiriakou	https://www.spreaker.com/show/5922140/episodes/feed
2025-03-15	60	The Jack Hopkins Show Podcast	From Spy to Whistleblower: John Kiriakou's Journey Inside the CIA's Torture Program	https://rss.buzzsprout.com/2327729.rss
2025-03-01	59	Lehto Files - Investigating UAPs	CIA Whistleblower John Kiriakou on UAP Crash Retrieval & Government Secrecy	https://feeds.captivate.fm/lehtofiles/
2025-02-13	31	Frank Morano Interviews & More	John Kiriakou | 02-13-25	https://feeds.megaphone.fm/WABC2521462439
2025-01-19	80	Eyes Wide Open	Ex CIA Whistleblower John Kiriakou on Hunting Osama, Torture and catching Al-Qaeda's #3	https://feeds.acast.com/public/shows/63fcc639d6d597001141e164
2024-12-12	68	Break It Down Show	John Kiriakou – Enhanced Techniques & Whistleblowing	https://breakitdownshow.libsyn.com/rss
2024-12-12	105	Jackman Radio	Episode 188 | Former CIA Officer John Kiriakou	https://feed.podbean.com/jackmanradio/feed.xml
2024-11-17	194	The Team House	The CIA Officer Who Went to Jail For The Torture Program | John Kiriakou | Ep. 309	https://www.spreaker.com/show/5960890/episodes/feed
2024-11-13	211	Julian Dorey Podcast	#250 - CIA Terrorist Spy on Surviving Assassination & Nailing Al-Qaeda's #3 | John Kiriakou	https://rss.pdrl.fm/59fdc5/feeds.megaphone.fm/QCD7565826865
2024-08-20	63	SaltCubeAnalytics	Controversial CIA Whistleblower John Kiriakou Exposed America's Dark Secrets	https://rss.buzzsprout.com/2385051.rss
2024-07-31	47	News Beat	CIA Torture Whistleblower John Kiriakou Talks Assange, Israel & Toll of Truth-Telling	https://www.omnycontent.com/d/playlist/ed1c4567-4a2a-4d8b-862f-ab600003d530/24e95e5d-204a-4bdf-bbf8-ab6f016788ff/9b234dab-0449-442c-9203-ab6f01678903/podcast.rss
2024-02-19	44	Unauthorized Disclosure	John Kiriakou: The War On Whistleblowers Under Biden—Plus, Assange's Appeal Hearing	https://anchor.fm/s/4b8b7144/podcast/rss
2024-01-19	59	The Independent Riot	How Espionage Works (Former CIA Spy John Kiriakou Interview)	https://rss.buzzsprout.com/1599790.rss
