AsQUErTJYOE	17	Megyn Kelly	The TRUTH About "MK Ultra" and Why Conspiracy Theories Grow in a Post-COVID World, w/ John Kiriakou
ygEFDZAXzWM	63	DMZ America Podcast	Scott Has Questions for John Kiriakou | DMZ America Podcast | Ep 233
2BBbL8AWrWc	25	American Exception	Late Imperial Blues – John Kiriakou (DCC85)
QOcImjrlc-E	12	Daniel Davis / Deep Dive	Trump's BULLY PULPIT NOT WORKING /Lt Col Daniel Davis & John Kiriakou
SbOKQqFcexU	58	Dialogue Works	John Kiriakou: Israel Humiliates Itself - Middle East on the Brink
aulPxaV0M2g	12	Due Dissidence	Kiriakou: Israelis Asked EVERY PRESIDENT To ATTACK Iran! - w/ Clint Russell
JyxFQVWJ3Eo	194	Due Dissidence and Liberty Lockdown	Trump's UNHINGED Threat, Kiriakou SPILLS TEA on Israel, Dillon BLASTS MAGA "SCAM" - w/ Clint Russell
uTpvKzNoaa4	20	Eb&Flow	Mehdi Hasan Presses John Kiriakou About His Politics | The Eb Knows Pod #411 | Eb&Flow
AqY21KZDOzg	53	Elizabeth Lane TV and John Kiriakou	Skinwalker Ranch, UFOs, USOs and Secret Projects
7qT2zkChC3w	29	Kim Iversen	Banks Are the New Thought Police – THIS Changes EVERYTHING | John Kiriakou
uqN6mNL-dfI	19	MintPress News	Former CIA Agent John Kiriakou Takes Us Inside The Saudi Terror Factory w/ Mnar Muhawesh
VB81AhUzTo8	9	MintPress News	John Kiriakou: Exposing CIA Torture & U.S War Crimes | State of Play w/ Greg Stoker
e1VgVU63D6s	2	MintPress News	Former CIA officer John Kiriakou reveals why he exposed the CIA's enhanced interrogation program
7sKiso0Zyko	20	Neutrality Studies	This Is What They Don't Tell You About Iran | Harry Berger & John Kiriakou
m5jv4cA1oD0	14	Redacted	"The CIA is FINISHED as we know it" Trump is burning it down w CIA whistleblower John Kiriakou
2M8u-MbN9jA	71	Truthwire	Where the Hell Is Panquake? Surveillance & The Technocratic Blob, w Former CIA Analyst John Kiriakou
djGUiuyziYE	30	Deep Focus Network	John Kiriakou: The Truth About America's Prison System
rWCw_et5fW0	37	The Deep Focus Show	Will Israel Use Nukes? Iran Threat & The Truth About “Good Guys” | DEEP FOCUS with John Kiriakou
h9egQ2hYdjE	141	Voxera Production Official	#661 - John Kiriakou
26E0z7up8ZI	24	acTVism Munich	Bezahlung für Begnadigungen? CIA Whistleblower Kiriakou über Trumps letzten Ausrutscher & Biden CIA
VtRxlxHNVlQ	1	CovertAction Magazine	Former CIA Counter Terrorism Specialist John Kiriakou Talks About Russia
D3kxtqefUPg	2	CovertAction Magazine	Former CIA Counter Terrorism Specialist John Kiriakou on Rubio, Cuba & Venezuela
wh8RwfFTIYQ	1	CovertAction Magazine	Former CIA Counter Terrorism Specialist John Kiriakou on Trump 2.0
fYN9zLBJXh8	1	CovertAction Magazine	Former CIA Counter Terrorism Specialist John Kiriakou's Opinion of Tulsi Gabbard
Ek6ot2JKi2g	2	CovertAction Magazine	Former CIA Counter Terrorism Specialist John Kiriakou: Final Comments
GyK2WK7_A7o	1	CovertAction Magazine	Former CIA Counter Terrorism Specialist John Kiriakou: What I Learned at Mar-a-Lago
oMbSh_YLZ80	1	CovertAction Magazine	John Kiriakou, Former CIA Counter Terrorism Specialist on Cyber Security
dyo7Al7LJHs	2	Katie Halper	"F*** Joe Biden!" - CIA Whistleblower John Kiriakou
bvGjGpacN2I	1	Katie Halper	CIA Whistleblower John Kiriakou Predicts JFK Files
Bu8Hww81wTc	1	Katie Halper	Why CIA Whistleblower John Kiriakou Almost Took His Own Life
06ioehKOpRI	2	Katie Halper	Why Edward Snowden Is NOT A TRAITOR w/ CIA Whistleblower John Kiriakou
0CKAts-yzTc	1	Katie Halper	‘I’d Like To Smack Mitch McConnell’s Turtle Face’ - CIA Whistleblower John Kiriakou
dHIRaOP5SAw	1	Piers Morgan Uncensored	Former CIA Intelligence John Kiriakou On Epstein Files Disappearing
l_Lj7bhzRIs	1	ProjectCensored	"It's Not About Justice": John Kiriakou on his experiences with the CIA and the Espionage Act
l4RclffUoYc	1	Real Progressives	The CIA Serves the Capital Order w/ John Kiriakou #shorts
