type	target	minutes	show	title
youtube	1p_B72s6Ix0	114	PBD Podcast	#783 — Ex-CIA Officer Confronted Over Zionist Accusations
youtube	vcgJXirykZE	147	Danny Jones	#249 — Trump Assassination Attempt (John is co-guest w/ Matt Cox ✓)
youtube	sWucl8ZRiK8	76	Michael Franzese	Iran, Israel & Epstein Are All Connected
youtube	drZH5_d9Xg0	43	The Matan Show	Matan Confronts Kiriakou (Israel)
youtube	C4Hz6bUAiHI	34	Byrna	How to Spot Danger Before It's Too Late
youtube	Y1E8EypwzPA	44	Kevin Gosztola (Unauthorized Disclosure)	Kevin Gosztola (Unauthorized Disclosure)
youtube	J_GA5Wj3-94	12	Kim Iversen	Why Abolishing The CIA Won't Change Anything
youtube	zssCchYDO5A	60	Jack Hopkins	Inside the Mind of a CIA Whistleblower
youtube	4V5GlZ4IodQ	45	Dialogue Works	Charlie Kirk's Story Crumbles — Iran
youtube	PA2Sh1zpgfU	50	Dialogue Works	Charlie Kirk's Story Cracks — Hegseth
youtube	Z-qsocM6Khc	34	American Exception	CIA Veterans & Deep State (w/ Barry Eisler)
youtube	GaiyVMRGE0M	17	VICE News	The Government Turned Me Into a Dissident
youtube	5JUqRcpwkS0	16	The Zero Hour (RJ Eskow)	The Zero Hour (RJ Eskow)
youtube	Ndpaua_S5lg	14	Jared Leto (Beyond the Horizon)	Jared Leto (Beyond the Horizon)
youtube	G4nd6oOC4iU	25	The Grayzone (Parampil)	Pay for pardons? Trump's final flop
youtube	DZh9W-TWV1o	20	David Pakman Show	Rudy & Trump offered me a pardon for $2M
youtube	7i5osl-M9do	39	The Sharpe Exchange	REVEALS the Dark Reality of Intel Ops
youtube	wVQjgd1Tqz4	84	Useful Idiots (Halper & Maté)	"They DESTROYED Epstein Files"
youtube	SBCSSQ0bpBA	27	TRT World — The InnerView	The CIA spy who blew the whistle on torture
youtube	nJ6yjjr1ogA	23	Judging Freedom	Iranian Retaliation Strikes the CIA
youtube	TGvgUl7geeM	26	Ron Paul Liberty Report	Ron Paul Liberty Report
youtube	YeBIRH9VlBQ	17	Democracy Now!	Sentenced to Prison While Torturers Walk Free
youtube	dAmdo2MzzhE	12	Democracy Now!	Blowing the Whistle / Why Trump Worries Him
youtube	fX2YMB6dWJw	11	TEDx FoggyBottom	How I Became a CIA Whistleblower
youtube	_CFWmuIgQIE	137	?	#278 — MK Ultra, USAID, Overthrowing Governments
youtube	scrGRKVa-Q4	163	?	#279 — Epstein, Bin Laden, China & Israel
youtube	F3MFGJFh4Ps	197	?	#356 — Nuclear War, Vault 7, Mossad in Iran
youtube	vmDn8YzxVeQ	187	?	#388 — "Epstein LIES!" Satanic Elite, Mossad
youtube	OCtooapE9Ho	155	?	Kiriakou Takes Ana & Cenk Behind the Curtain
youtube	72EuwXMxSAQ	92	?	Ex-CIA Officer Exposes the Torture Program
youtube	eIfwisOJH1E	72	?	The Untold Stories of John Kiriakou
youtube	PKficzm5-8g	72	The Pocket (Chris Griffin)	"Never Trust the Government" (resolves a Batch-4 lead)
youtube	mP17LjLLXhk	58	?	How CIA's "Rogue" Agent Survived Prison (probe vs 2022 ep)
youtube	6kmi7Tkpf7Q	48	?	Fortress On A Hill (Henri)
youtube	cEa_k3SAguU	43	?	Wall Of Power Radio Hour w/ Kiriakou
youtube	bKx-CsyO_zI	37	?	Part 2: How Well Do You Really Know Him?
youtube	rzDSowz83y8	36	?	Ep.82 — Choosing Truth Over Career
youtube	GmDLt0eVZJc	36	?	Talks With Kiriakou About the Assange Extradition
youtube	V6eXin4Blys	35	?	Kiriakou on the CIA, Obama vs Trump
youtube	N0SqIILhQN4	38	?	Kiriakou & Nixon on the Latest Assange News
youtube	Eyt8t7fVjlE	38	?	"Epstein Was an Access Agent for Mossad"
youtube	lBBVyHHIWwU	32	?	Reveals All About US Involvement in Syria
youtube	nQZGD1d9aeI	32	?	A CIA Whistleblower Speaks
youtube	JKpyBR-tmuk	33	?	When Will Israel Attack Iran?
youtube	Trdw3Ykm53Y	28	?	"Pakistan Can't Win a Conventional War Against India"
youtube	mfsdrNvEuL8	27	?	The Scholars: John Kiriakou
youtube	Ef--cDAHlp8	24	?	London report on the Assange extradition hearing
youtube	pHGVgw3MTbc	23	?	Mossad's Deadly Tactic in Iran
youtube	6Dc3VQJIJRw	28	?	The Bitter Truth (Abe Abdelhadi)
youtube	wg-aHgwFdCY	31	?	What Julian Assange Is Up Against
youtube	kE1X4X9Eezc	17	Democracy Now!	John Brennan a "Terrible Choice to Lead the CIA"
youtube	UV4Cd-9lJA8	15	Democracy Now!	Jeff Sessions Is Extending Obama's War on Leaks
youtube	4eWtn8RQ9_g	16	?	CN LIVE! Kiriakou on the Upcoming 9/11 Trial
youtube	CiRyux1t9TQ	18	?	The CIA Is the Greatest Threat to the Planet
youtube	FUGHG0Yy6BA	16	?	How Epstein Was Used by Mossad, CIA & MI6
youtube	ozUzW_3pBcw	15	?	What Will Happen to Julian Assange
youtube	6aDKlkV4G2A	16	?	Spy Diaries Ep 01 — Hunted Al-Qaeda in Pakistan
youtube	WEKxuNFf308	16	?	Spy Diaries — Jailed for Exposing the CIA
youtube	xJ-wWaoF9iw	34	Scott Horton	Ep 5610 — The Torture of Abu Zubaydah
youtube	v8zrgfI0QvU	36	Scott Horton	Ep 4510 — CIA Torture Network & Whistleblowing
youtube	UXfZPr-fRB8	40	Scott Horton	Ep 4439 — Torture Program & His Time in Prison
youtube	9D7u9ElyjZQ	36	Scott Horton	Ep 4629 — Gina Haspel's Nomination
youtube	Ke04A5kj9PU	31	Scott Horton	Ep 5050 — Deep State's Search for a 'Russiagate' Scalp
youtube	_zGMFZ1Kgww	33	?	Ep 5458 — The Dangerous Reaction
youtube	8fcQ4ObATRc	30	Scott Horton	Aug 14 2015 — The Scott Horton Show
youtube	x0fzn4Ur3ZU	125	Opperman Report	John Kiriakou - Reluctant Spy
youtube	nlcNzPkfo6M	119	Opperman Report	Pt1 Reluctant Spy / Pt2 Michael Bowe (probe: 2-part)
youtube	kYm__RK8-9g	102	Disruption Network Lab	US vs. Reality Winner: Q&A w/ Reality Winner, Kiriakou
youtube	2WA64yu3itQ	101	Consortium News	Lies, Spin, Propaganda & Manipulation (w/ Suelette Dreyfus)
youtube	tOxuJ8bpSv4	98	Disruption Network Lab	Locked up for Exposing Crimes · Kiriakou & Annie Machon
youtube	kEymiIyDJx0	82	Consortium News	Matt Taibbi, Chris Hedges & Kiriakou: TWITTER FILES
youtube	P7VpWZaer3I	72	Live on the Fly (Randy Credico)	Ellsberg, Kiriakou & Rowley: Hail to the Whistleblower
youtube	FZO4p1ag9LQ	69	Live on the Fly (Randy Credico)	Kiriakou & Rebecca Vincent: Assange Countdown to Freedom
youtube	svND9fNBiAw	60	Piers Morgan Uncensored	"You Don't Stand Up To Evil, You LOSE!" — Iran
youtube	g2htCOU-tTw	59	Dialogue Works	Putin Warns Staggering Response to NATO — Iran
youtube	7SObrtWSxO4	57	Katie Halper	Kiriakou & Gerald Horne on the Indictment of "Russian Agents"
youtube	O_EGMUFABEg	55	Panquake / Lee Camp	CIA Whistleblower Joins Lee Camp to talk Panquake
youtube	LThb4bBpGUw	48	Fortress On A Hill	John Kiriakou — Ep 133 (probe dup vs 6kmi7Tkpf7Q)
youtube	5Wj4fhopkfc	46	ScheerPost	Scheer Intelligence: Kiriakou on Biden's Groveling
youtube	jwO3anoP4ho	45	Panquake / Lee Camp	FULL INTERVIEW: Kiriakou & Sean O'Brien talk Panquake
youtube	66Qg8cgApSE	45	Graham Elwood	FULL INTERVIEW: Kiriakou & Sean O'Brien Panquake (probe dup)
youtube	YEnVwfMlgWQ	43	Unfiltered With S.A.M.	Who Really Controls U.S. Intelligence?
youtube	7Ewyza8fR3o	42	David Gornoski	On Torture, Prison PTSD
youtube	_oVLXe7WG8Q	41	Jamarl Thomas	How Mossad & CIA Recruit in Iran
youtube	kFAHekt9_mg	40	Caleb Maupin	Divisions in the US Deep State (w/ Lee Stranahan)
youtube	mXpQfO_oTsQ	39	Dr. David Oualaalou	Iran-Israel Possible Open War
youtube	z_xfYPpMpDA	38	Garland Nixon	Talk about the Michael Sussmann case
youtube	7tXTtCHZs0g	38	Arn Menconi	My interview w/ whistleblower John Kiriakou
youtube	S-gLB2NWAHg	37	Slow News Day	SND #30 w/ John Kiriakou
youtube	nwjOYQzyoXA	37	Garland Nixon	Talk About the US Congress
youtube	zWTHWRbcuyI	36	Kevin Gosztola	Every Official Everywhere With Classified Documents
youtube	OeU8ioca92M	36	Kevin Gosztola	Kevin Gosztola
youtube	oyks6CQbs-8	34	WorldBeyondWar.org	#NoWar2017 Pt 4: Sam Adams Associates (Drake, McGovern)
youtube	cuzCBOB3l2c	34	Garland Nixon	After Afghanistan
youtube	hohHB8bGCxM	33	Jamarl Thomas	What's Really Happening In Israel: Mossad
youtube	chQTXijz4rc	33	Graham Elwood	Kiriakou & Sean O'Brien Explain Panquake
youtube	RCZWqXneXfY	30	Rob Kall Bottom-up Show	Discusses Ukraine Phone Call
youtube	bb7H9yCfNfg	30	Edward Rhymes	Rhymes & Reasons (2018-10-09)
youtube	OjWJyN0gmqo	30	Daniel Davis / Deep Dive	Ukraine Drone Strike on Russia
youtube	hYVznzuvhgA	29	Crossing Faiths	John Pinna & Kiriakou on Afghanistan
youtube	azE9ZRPJdvk	28	Real News — Reality Asserts Itself	Real News — Reality Asserts Itself
youtube	Kh0vejtIEhE	27	Caleb Maupin	Cuba Crisis, Marxism & Automation
youtube	nSl53qIE81I	26	The Real News Network	Why I Was Targeted by the CIA (RAI 9/10)
youtube	yh7Ujo6BsEs	26	Real News — Reality Asserts Itself	Why I Was Targeted (RAI pt 9, probe dup)
youtube	DKbHPuKfF2k	26	Caleb Maupin	Sanctions & US Efforts in Eurasia
youtube	Es2hDUTNsfg	24	The Jimmy Dore Show	REAL Reason Trump Sent Troops To Saudi Oil
youtube	Sh5MxKJ1cWY	24	Real News — Reality Asserts Itself	Real News — Reality Asserts Itself
youtube	_dIlf769DK0	24	ProjectCensored	"It's Not About Justice"
youtube	j4cxV2fz6ks	24	Garland Nixon	Talk Afghanistan
youtube	c5B-fzDvyO8	23	Washington Report on Mid-East	Israel's negative influence on US security
youtube	fOgFKuk-VyU	23	David Gornoski	Explores Life as a Spy
youtube	hSG800M8n9c	22	The Jimmy Dore Show	Calls Out Trump's "Whistleblower"
youtube	CeOjkWALQBs	22	Real News — Reality Asserts Itself	Real News — Reality Asserts Itself
youtube	pI2RLIEnw8g	20	The Canada Files	Political Misfits — DC Witte, Kiriakou & August
youtube	Yum0-P_5_uA	19	Panquake / Lee Camp	Public Delivery Meeting #17 feat. Kiriakou, Suzie Dawson
youtube	47ucQ6ZdV0E	18	Consortium News	Belmarsh Tribunal Sydney
youtube	pdJl4buyoUA	17	The Real News Network	Iraq War a War Crime — Pushed by Cheney
youtube	T25WBmQsOho	16	Real News — Reality Asserts Itself	I Believed America Could Do No Wrong (RAI)
youtube	FgD6TEvkkYM	15	Real News — Reality Asserts Itself	Real News — Reality Asserts Itself
youtube	hbFXhHbMOHQ	14	Graham Elwood	Uncovered US Torture Program
youtube	WrFr4-_B1Lk	14	David Gornoski	Explores Life as a Spy (probe dup)
youtube	aw-LXWf9YCk	13	The Real News Network	People's Tribunal on the Iraq War, Day One
youtube	Dnc4DmtWkGw	13	Dialogue Works Highlights	US lacks long-term Middle East strategy
youtube	V2cJv7Ujeeg	12	Katie Halper	"Rudy Giuliani Tried To Shake Me Down For $2M"
youtube	NxX6zTLpqQE	12	Graham Elwood	Explains Assange Censorship
youtube	jTh_0DYD5TU	11	Katie Halper	"We're Led By A Cabal Of Criminals"
youtube	L1DYA1XSB44	9	Consortium News	Taibbi, Kiriakou & Hedges: Twitter Files (short)
youtube	zABTCtNuOFc	8	Kevin Gosztola	How Politicians Disqualify Whistleblowers
youtube	9D0JzqaGNKs	8	Jamarl Thomas	Jamarl Thomas
youtube	58ot2wKPwto	73	DeProgram (Ted Rall)	DeProgram (Ted Rall)
youtube	csLkVGSYwYU	67	John Kiriakou Podcast	Reveals Terrifying CIA Technology
youtube	EYUmojqVGwI	62	The Deep Focus Show	Trump's Iran Gamble w/ George Galloway
youtube	Tas6bgOQfD4	62	DeProgram (Ted Rall)	Israel's Discreet Ethnic Cleansing of Gaza
youtube	URbHPOAfub0	60	John Kiriakou Podcast	Terrifying CIA Technology They Don't Want You To Know
youtube	ClPOKa97jQg	60	DeProgram (Ted Rall)	Trump to Europe: DROP DEAD
youtube	ICmAUQl5FXA	60	DeProgram (Ted Rall)	Trump Snubs US Workers at Mar-a-Lago
youtube	GI7gFn7KjzI	59	DeProgram (Ted Rall)	DeProgram (Ted Rall)
youtube	guXefViRMCk	59	DeProgram (Ted Rall)	A Super Dumb Mass Murder
youtube	4uyLgnRHjk4	58	DeProgram (Ted Rall)	DeProgram (Ted Rall)
youtube	lhtyX01IUaE	58	DeProgram (Ted Rall)	DeProgram (Ted Rall)
youtube	6uJAMwNGkkQ	58	DeProgram (Ted Rall)	DeProgram (Ted Rall)
youtube	xcrldA-Golc	58	DeProgram (Ted Rall)	CIA Cover-Up on JFK Exposed
youtube	y4aXSSD0_Zs	54	The Deep Focus Show	Held Captive 100+ Days by the Taliban w/ Safi Rauf
youtube	GzSIp9kONVA	51	John Kiriakou Podcast	John Kiriakou Podcast
youtube	iN56bHhDu5Q	50	The Deep Focus Show	Is U.S. Global Dominance Eroding? w/ Alfred McCoy
youtube	7h9bYpFCKnk	50	The Deep Focus Show	Complicity In Gaza's Genocide w/ Richard Falk
youtube	gQKwm0KKqnM	47	John Kiriakou Podcast	The Most Secret CIA Unit Ever
youtube	CPl_y9pkCA0	46	The JK Report	Roger Waters on Palestine, Human Rights
youtube	KfS3KjUGE4I	46	The Deep Focus Show	RUSSIAGATE — A Major Dividing Line w/ Matt Taibbi
youtube	9BR1fFm9tWA	44	The Deep Focus Show	The Call is to Liberate Palestine w/ Miko Peled
youtube	NHevWAzEsic	42	The Deep Focus Show	Taxpayers Against Genocide w/ Seth Donnelly
youtube	cXflhWX1LZw	42	John Kiriakou Podcast	John Kiriakou Podcast
youtube	qeREwBGVig8	38	The Deep Focus Show	Is World War 3 Starting?
youtube	o8wzZ1X1Gy0	34	The JK Report	What Most People Are Missing
youtube	pqUEWuXM2Y4	33	John Kiriakou Podcast	The REAL Risk of Israel Using Nukes
youtube	lffVtXOhGXY	31	The Deep Focus Show	Europe Is Running Out of Fuel w/ Richard Wolff
youtube	G8eA70X9NOU	24	Enema of the State	Kiriakou Reports on the Flawed Business Model
youtube	My6xUH_kOwo	16	DeProgram (Ted Rall)	SOTU: A Complete Disaster
youtube	Mt2KfZSiUmE	14	The Deep Focus Show	Epstein: NEW Bombshell Developments
youtube	ZwuKmPsXKPs	11	DeProgram (Ted Rall)	Greek Spies, Epstein, Aliens, CIA
youtube	pfFvuCYmaXs	10	DeProgram (Ted Rall)	Bad Bunny, Epstein Files, and more!
youtube	lQYGh8EnFag	9	The Kiriakou Report	Why CIA Torture Was Illegal and Ineffective
youtube	UYXk2Ze7AIo	8	The JK Report	The JK Report
youtube	rL2Gn9LbwCU	8	DeProgram (Ted Rall)	Pam Bondi's Embarrassing Epstein Hearing
youtube	c_0g3SxGsqQ	8	DeProgram (Ted Rall)	On CIA Psychologists, Torture, Mamdani
youtube	tN4O6xu4SQk	29	"tulwave" (unknown)	unknown/re-upload channel
youtube	0r560eBIwWE	16	Stephen Gardner	title doesn't name John — confirm presence
youtube	Pcfwx50zl40	57	Insider — "Authorized Account"	title doesn't name John — confirm subject
youtube	9HnVrPVVHAE	39	Covert Operations Insight	channel re-cuts heavily; corpus has 5 of its eps
youtube	RPRxuwCA46k	40	Covert Operations Insight	Covert Operations Insight
youtube	bPtOc_AqogU	42	Covert Operations Insight	Dark Secrets Behind the Torture Program
youtube	BQ93Fy1jfbA	68	Covert Strategies Revealed	corpus has osXgMj89FwQ from this show
youtube	B70zQHKcSxE	66	The Dr. Phil Podcast	likely = ingested ev1ozulvly8
youtube	HGqUuOqzvM4	54	The Dr. Phil Podcast	likely = ingested aYK16WJ1WsU
youtube	1K5-zKDaDV8	15	The Dr. Phil Podcast	short clip of the full Dr. Phil ep
youtube	n-6kQ-PmRgM	34	john brown — "Full 2007 ABC Interview"	historic (his seminal ABC waterboarding interview) but a re-upload; confirm source
youtube	rtd4SW38irE	42	Elizabeth Lane TV	co-branded personal channel — confirm real interview
youtube	adp-UPxtBMs	36	Leonardo Salvaggio	personal channel, Saudi/9-11 — probe
youtube	grlBxKDqYrQ	52	Opperman Report	"Reluctant Spy" era radio — probe
youtube	U8tUetLWC54	58	Terrorpedia Video Center	aggregator channel — likely re-upload
youtube	CxG3Nosbl1s	20	The Honest Talk	credits "Steven Bartlett" — likely mislabeled re-upload
youtube	CAmAja1Rly0	34	Giorgos Omirou	clickbait title, personal channel — probe
youtube	yL8rVbWniW4	17	FlyingOverTr0ut	re-upload "Pt 1"
youtube	s5qHlmDHnDE	25	yusefs report	clip ("Scott Horton x Kiriakou DESTROY Dershowitz on Piers")
youtube	Qpd5EXPydaA	17	Golden Gems	clip channel
youtube	oTEqohDrY7M	28	Veil veil veil 3	re-upload/clip channel
youtube	tzTHekWvcic	51	Art and documentary	Art and documentary
youtube	bqWcgBb6GDM	29	Cafe Weltschmerz (Dutch)	Dutch-language framing — confirm John speaks / not a dub
youtube	fi_wjzmlEWs	56	#Unity4J	"FULL INTERVIEW" — probably solo, confirm
youtube	Y_C92BT8Fzk	58	#Unity4J	vigil — confirm not panel
youtube	R2FzEJrsqRQ	42	#Unity4J	Vigil 17 — confirm not panel
youtube	lN8djjLHK4k	58	Suzi 3D	Unity4J "FULL INTERVIEW"
youtube	mkdGNyIicEU	53	Suzi 3D	Unity4J vigil
youtube	I6dljiI06es	174	Internet Party	Internet Party
youtube	dAlNZvr4ims	174	Internet Party	Internet Party
youtube	_j2hACrlzVA	157	Finding Truth With Harjeet	Finding Truth With Harjeet
youtube	ZyCLngdLCYo	144	Katie Halper	Katie Halper
youtube	aZxNTiekLGU	142	Consortium News	Consortium News
youtube	TqRitpA92Ws	115	The Roundtable — Gonzalo L	The Roundtable #21: Suzie Dawson, John Kiriakou, Ray McGovern
youtube	IYF3-fJ8QEY	115	THE DIVE IN WITH RATTAN	THE DIVE IN WITH RATTAN
youtube	9mIoBeXrB_0	113	Action 4 Assange	Action 4 Assange
youtube	GygbALerANE	106	A Good Place with Ella & A	A Good Place with Ella & A
youtube	nrGSOXvNrdw	96	The Roundtable — Gonzalo L	The Roundtable — Gonzalo L
youtube	VEeFY6ACD5Y	92	Ian Discussions	Ian's discussions with John Kiriakou
youtube	tUxyyvi_ORE	83	Covert Strategies Revealed	Covert Strategies Revealed
youtube	XYd28m0_Zfo	82	Live on the Fly with Randy	Live on the Fly with Randy
youtube	MhIgw7ac80I	76	Covert Strategies Revealed	Covert Strategies Revealed
youtube	YixkmCXIDpU	67	DMZ America Podcast	DMZ America Podcast
youtube	qwEqr257Xgc	67	Echo Zip	John Kiriakou’s Entire Life in 67 Minutes
youtube	2xUklyNdFdA	66	Around The Empire	Around The Empire
youtube	il_KYmRx24Q	65	THE NEVER BROKEN PODCAST	THE NEVER BROKEN PODCAST
youtube	WWsbNCBI434	64	Savage Joy Marie Mann	Savage Joy and JOHN KIRIAKOU
youtube	p8QQGwrN5Ag	64	Freedom Hub Working Group	Freedom Hub Working Group
youtube	nso3y9TFr9s	61	Revolutionary Change	Revolutionary Change
youtube	S9gGJeXpPBo	61	Adoteq	John Kiriakou: CIA Secrets, Soft Power, and the Poppy Trade
youtube	tZ433hZpjOA	59	American Exception	The Oily War of Drugs - John Kiriakou (DCC29)
youtube	b7OPeJrTqPA	59	Jack Hopkins	Jack Hopkins
youtube	QRvbkLfSFgw	58	#Unity4J	#Unity4J
youtube	ulc3YGqjKvk	57	One America News Network	One America News Network
youtube	tE62XpsFX00	57	David Hartful	John Kiriakou speaks at Venezuelan Embassy 04-24-2019
youtube	NOqRvWc5_AA	56	Politics Done Right	Politics Done Right
youtube	PCAYwyiEbY8	54	Fort Collins Community Act	John Kiriakou, CIA whistle blower part 1
youtube	KIU21Gq6xUw	54	KGNU Community Radio	KGNU Community Radio
youtube	wSDydqdERPQ	53	Unfiltered With S.A.M.	Unfiltered With S.A.M.
youtube	dOzonepgGBk	50	Consortium News	Duggan Extradition - John Kiriakou & Senator David Shoebridge
youtube	okR1rm1B_qY	50	awakeradio1	awakeradio1
youtube	tfezVxYzOGE	50	Sharon Kyle	LA Progressive interview with John Kiriakou
youtube	aMBuTzzYChY	49	ScheerPost	ScheerPost
youtube	E6hUaGpckB0	48	TruthOverComfort	TruthOverComfort
youtube	d9P8F7quHFI	46	HispaUnidad	HispaUnidad
youtube	iJf88y5NwJw	46	Government Accountability	Full Video: Kiriakou Portrait Unveiling @ Busboys & Poets
youtube	06-usYETsbo	44	HR News Channel	HR News Channel
youtube	0wyH1-MSOaw	42	Addy Adds Official - Publi	Addy Adds Official - Publi
youtube	hCaPEPF_Cmc	42	Free MartyG	John Kiriakou & Dana Gottesfeld conversation
youtube	hxXDuXs434o	42	HR News Channel	HR News Channel
youtube	zFxVeUe2CVo	42	Allen Richie	Allen Richie
youtube	QgJLnojqKY8	41	Potkaars podcast	Potkaars podcast
youtube	AkSQ1O2wFsM	41	#Unity4J	John Kiriakou and Lee Stranahan discuss ...
youtube	nOKdI6LE7Hg	41	American Exception	Exceptional American Failures - John Kiriakou (DCC70)
youtube	LU-tNToDV-Y	40	Suzi 3D	Suzi 3D
youtube	t87STIG3TpY	39	Stack The Legal Odds In Yo	The Legal Power Hour - with Guest: John Kiriakou
youtube	NnK4dTFJaE0	37	Cat April Watters	Cat April Watters
youtube	178ec0ZUJPQ	35	Piers Morgan Uncensored	Piers Morgan Uncensored
youtube	MT8DwRsee84	35	ScheerPost	ScheerPost
youtube	IoD9wBwNH8I	33	Foreign Correspondents: De	Episode 25: "Mr. & Mrs. Smith" (1941) feat. Olympia Kiriakou
youtube	TtFXCGDZKjw	33	Human Rights Defense Cente	Human Rights Defense Cente
youtube	J-YSYuGX7IE	32	Stack The Legal Odds In Yo	The Legal Power Hour - with Second-Time Guest: John Kiriakou
youtube	uz06eViSJdo	30	Full Audiobook	Full Audiobook
youtube	q1Pt_pZgzqw	29	The Bitter Truth with Abe	The Bitter Truth with Abe
youtube	tA8xlyWh2uM	29	Kiriakou Insights	Kiriakou Insights
youtube	iLYqlR0kP9w	28	The Real News Network	The Real News Network
youtube	KqU-Yr0OsMc	28	ORCA Media	House at Pooh Corner - Imprisoning the Heroes - John Kiriakou
youtube	hdfJ51hKM9E	28	Judge Napolitano - Judging	John Kiriakou  :  How Rogue Is US Intelligence?
youtube	5ETk7Q-8Ez4	28	The Bitter Truth with Abe	The Bitter Truth with Abe
youtube	-nKDvf6ixOM	26	Liberty Vault	Liberty Vault
youtube	Bpegzp09Vpo	26	Black Archives	Black Archives
youtube	fy86vzToyDI	25	Liberty Vault	Liberty Vault
youtube	QoAXPXTBUrw	24	Cat April Watters	Cat April Watters
youtube	LZIMbHr2GNk	24	#Unity4J	#Unity4J
youtube	d1mAmKfGNVU	24	Liberty Vault	Liberty Vault
youtube	E82OrQF9nkY	24	The Real News Network	The Real News Network
youtube	9R5FpNBJ8GQ	24	Enema of the State	Enema of the State
youtube	H-UjcZkxcU4	24	Indie News Network (INN)	Indie News Network (INN)
youtube	pFotqzActGI	23	David Gornoski Archives	David Gornoski Archives
youtube	M4Eav5a1SNE	23	Liberty Vault	Liberty Vault
youtube	qgGxUpHktUU	22	Enema of the State	Enema of the State
youtube	78XbkZtyR2U	22	Internet Party	Internet Party
youtube	Mabclbi5Dp4	22	The Real News Network	The Real News Network
youtube	74IHPW5CWRk	22	The Jimmy Dore Show	The Jimmy Dore Show
youtube	9SKfZ5f_29Y	21	awakeradio1	awakeradio1
youtube	1pxXzKfr28g	21	Useful Idiots	Useful Idiots
youtube	cdCAKYYH3Yo	21	The Real News Network	The Real News Network
youtube	R_oIObeqj6U	20	RDAP DAN	RDAP DAN
youtube	0oscOuMADGI	19	Kevin Gosztola	Kevin Gosztola
youtube	Xzt8oI5gyDM	19	#Unity4J	#Unity4J
youtube	MP_eiedTAzE	18	TDP Fyp	John Kiriakou Funny moments 🤣🤣🤣
youtube	bQCGkMcYbtI	18	Liberty Vault	Liberty Vault
youtube	WUh6o8pBCPg	18	Liberty Vault	Liberty Vault
youtube	a2NYakihrDg	18	Revolutionary Change	Revolutionary Change
youtube	i_Jx9h97-ig	17	Graham Elwood	Graham Elwood
youtube	sOKugb7jZl0	17	Revolutionary Change	Revolutionary Change
youtube	bsnqAS12bO4	17	The Honest Talk	The Honest Talk
youtube	mMAoad0hQUw	17	The Jimmy Dore Show	The Jimmy Dore Show
youtube	ZKTfNz1JIoE	17	The Real News Network	The Iraqi Pissing Match - John Kiriakou on RAI (4/10)
youtube	xrjng6Ccz6k	17	The Honest Talk	The Honest Talk
youtube	VsZukq8WxYQ	16	Nietzsche	John Kiriakou Sentenced to prison
youtube	iCUpSKD4T4o	16	TCM TV	TCM TV
youtube	wlJO1uL1CsE	16	The Real News Network	The Real News Network
youtube	8pKNKfCgRHo	16	Redacted	Redacted
youtube	kjO7saoQjNk	15	The Real News Network	They Won't Shut Me Up  - John Kiriakou on RAI (10/10)
youtube	lmh18pD_RKM	14	Jackson Hinkle Official an	EX-CIA JOHN KIRIAKOU: VENEZUELA WAR IS ABOUT CHINA
youtube	y88pl9VpEOw	14	Liberty Vault	Liberty Vault
youtube	W6OZ4ClS_uQ	14	David Gornoski Archives	David Gornoski Archives
youtube	Yn_cApN--DY	14	Dalton Fischer Podcast	Dalton Fischer Podcast
youtube	Ohu27f0YSgc	14	Liberty Vault	John Kiriakou Is CERTAIN That Epstein Was Working for Israel
youtube	xt54krA-ApU	14	Dalton Fischer Podcast	Dalton Fischer Podcast
youtube	krYI54XbO6I	13	Dollar Stream	Dollar Stream
youtube	epa3Xu10wDI	13	Berlin gegen Krieg	Berlin gegen Krieg
youtube	GzJvcgAOf_c	13	The Third Way - Orthodox T	John Kiriakou - Prison, Islam, and Serving in Bahrain
youtube	QSHXNtBrjC0	13	The Jimmy Dore Show	The Jimmy Dore Show
youtube	-USZZB6q--0	13	ANI News	ANI News
youtube	sgtnG9v_5bU	13	The Third Way - Orthodox T	The Third Way - Orthodox T
youtube	2bFaSv86j4M	13	Adelya F. Hako	BEYOND THE HORIZON / S1 : E9 / JOHN KIRIAKOU
youtube	fqwItTzkhS8	13	dece media	dece media
youtube	blxCVqUtj6E	13	RYOT	Lies and Torture of the CIA with John Kiriakou and Jared Leto
youtube	NWlx41Hqf5A	13	The Real News Network	The Real News Network
youtube	43eOaqG7SFM	13	Dalton Fischer Podcast	Dalton Fischer Podcast
youtube	wccHWJxfcXk	13	Viral Plug	John Kiriakou CIA Story Meme Compilation - PART 2
youtube	9b6OyFgK-Hg	13	Podcast UFO Live Shows	Podcast UFO Live Shows
youtube	3FQPANN0LUo	13	JayArgonaut	RT Interview with CIA Whistleblower John Kiriakou
youtube	BZwmVBLm2mo	13	Dalton Fischer Podcast	3 CIA Training Exercises For New Recruits / John Kiriakou
youtube	GRrm29eEzQ0	13	Dalton Fischer Podcast	Dalton Fischer Podcast
youtube	e4YyBCvBaj4	13	Valuetainment	Valuetainment
youtube	qUl2cHLx9Ug	13	Michael H. Rhee	CIA Whistleblower John Kiriakou  'If I Tortured, I'd Be Free'
youtube	X4OydjOsLiQ	13	Revolutionary Change	Revolutionary Change
youtube	dO5QB3MDotg	13	Alittlepart Ofme (CallMeCo	Alittlepart Ofme (CallMeCo
youtube	2T5c5REOlyM	12	Dalton Fischer Podcast	Dalton Fischer Podcast
youtube	yKvpvWexDzw	12	Doug Bopst	Doug Bopst
youtube	-RYBNlTw_44	12	Venture Social	Venture Social
youtube	eBMOS09-qx4	12	Podcast UFO Live Shows	Podcast UFO Live Shows
youtube	K5a3xdjP8y0	12	Dalton Fischer Podcast	Dalton Fischer Podcast
youtube	7ZXIh90oPCw	12	London Real	London Real
youtube	IozNdHiBjJM	12	Revolutionary Change	Revolutionary Change
youtube	p8Ar9pc_twk	12	Unfiltered With S.A.M.	Kiriakou: Washington Has No Say in This War
youtube	xQvN03PMpYc	12	Unfiltered With S.A.M.	JOHN KIRIAKOU: Israel’s “Samson Option” Is Real
youtube	uXbZWktLmN4	11	Dalton Fischer Podcast	Dalton Fischer Podcast
youtube	D8iyS5huGMQ	11	Doug Bopst	Doug Bopst
youtube	liZKNcfothc	11	HR News Channel	HR News Channel
youtube	Gitzm_W-Uww	11	Viral Plug	John Kiriakou CIA Story Meme Compilation - PART 4
youtube	llAX3SdqsL0	11	Dalton Fischer Podcast	Dalton Fischer Podcast
youtube	Wp3CwqOz5ao	11	DDGeopolitics	DDGeopolitics
youtube	oV7Q8HTsQSM	11	Thom Hartmann Program	A Letter from John Kiriakou
youtube	lBfXxjFH4lw	11	Doug Bopst	Doug Bopst
youtube	sIpcxZJ1R4k	11	Revolutionary Change	Why Torture is Both Immoral AND Ineffective / John Kiriakou
youtube	ciSgcE0wogk	11	Chris Petracco	Interview(partial) with Former CIA Case Officer John Kiriakou
youtube	VkXrcTg4xgA	11	Viral Plug	John Kiriakou CIA Story Meme Compilation 8
youtube	8dL7BXbrWZ0	11	Breakpoint	Breakpoint
youtube	fZcvgrDcTdw	11	Dalton Fischer Podcast	Dalton Fischer Podcast
youtube	iyeT6AAK4lA	10	Revolutionary Change	Revolutionary Change
youtube	1oelJ0xN5AM	10	The Jimmy Dore Show	The Jimmy Dore Show
youtube	QB6eyGtAD1c	10	The Dr. Phil Podcast	“I exposed the CIA and went to prison” John Kiriakou
youtube	UQoQ1BC7FFA	10	The Honest Talk	The Honest Talk
youtube	ExPvVJQicuk	10	Tucker Carlson Network	Tucker Carlson Network
youtube	omqKumNTt74	10	Google Play Books	Google Play Books
youtube	xjH_6z96-Uo	10	Viral Plug	John Kiriakou CIA Story Meme Compilation 7
youtube	rjGkFSGrRO4	10	Doug Bopst	Doug Bopst
youtube	ybQ-x4y8ZEo	10	TCM Originals	TCM Originals
youtube	tSf7lSP5VjA	10	Newsmax	Newsmax
youtube	kyFexPbZlzk	10	The Dr. Phil Podcast	“Your job is to break the law”John Kiriakou CIA Whistleblower
youtube	Dg-Jg2wGFnY	10	Podcast UFO Live Shows	Podcast UFO Live Shows
youtube	n8iDa-IGDKk	10	Warren Smith - Secret Scho	Warren Smith - Secret Scho
youtube	bpyMh1pFcAY	10	Free Assange	Free Assange
youtube	RtLO5yZ6EhU	10	Viral Plug	John Kiriakou CIA Story Meme Compilation 6
youtube	u13Xn4k0u70	10	Truth Hurts Show	Truth Hurts Show
youtube	aKzlrQ0oCWg	10	The Carlos Watson Podcast	The Carlos Watson Podcast
youtube	z0loNZnAqyk	10	The Carlos Watson Podcast	John Kiriakou: CIA Torture Was Illegal & Useless
youtube	ol3UPWnqNAA	10	The Carlos Watson Podcast	The Carlos Watson Podcast
youtube	E5PBQ90TY-4	9	Doug Bopst	Doug Bopst
youtube	_AYU0D1JUig	9	RTM News	RTM News
youtube	n2LOvRIy-CM	9	Hang Out with Sean Hannity	Hang Out with Sean Hannity
youtube	XZy-TRd1yY0	9	Dalton Fischer Podcast	Dalton Fischer Podcast
youtube	FlVsyxDlkc8	9	Podcast Digest	Podcast Digest
youtube	hu8QgZGyOIQ	9	Unfiltered With S.A.M.	Unfiltered With S.A.M.
youtube	j89s1BAvK0o	9	Comedy Overload	Comedy Overload
youtube	vb8nK12TbnM	9	Valuetainment	Valuetainment
youtube	yVFuxHFq16s	9	London Real	Ukraine War: The Endgame Revealed - John Kiriakou
youtube	FSF4K6A8VyM	9	Human Rights Defense Cente	Human Rights Defense Cente
youtube	IqwXauqwSwQ	9	Megyn Kelly	Megyn Kelly
youtube	8f1JiIPjwSw	9	Podcast Summaries	John Kiriakou / Tucker Carlson Podcast Summary
youtube	v7c4xvvBYNw	9	The America Report	John Kiriakou Explains CIA's " Torture Program" To Joe Rogan
youtube	Nfa4sEDOgmQ	9	Podcast Summaries	Podcast Summaries
youtube	pPpNPJZiTMw	8	The Inquiry	The Inquiry
youtube	yXDhk3eIZZA	8	Styxhexenhammer666	Styxhexenhammer666
youtube	OVHqDdUefQ8	8	Democracy Now!	Democracy Now!
youtube	ga_wjLljvaM	8	Dalton Fischer Podcast	Dalton Fischer Podcast
youtube	88S43X0oUpE	8	环球时报 Global Times	环球时报 Global Times
youtube	_cORp-6Cavs	8	The Third Way - Orthodox T	CIA Whistleblower Exposes the Vatican - John Kiriakou
youtube	CmggvGQJyJw	8	Truth Hurts Show	Truth Hurts Show
youtube	ageQWTWtwmw	8	ANI News	ANI News
youtube	aHJuNGwf1C0	8	Breakpoint	Breakpoint
youtube	IosQZq652NE	8	Breaking News 24/7	Breaking News 24/7
youtube	3wxqeMSCttY	8	CovertAction Magazine	Silenced - John Kiriakou
youtube	IqGsmGY_hDY	8	Austin and Matt	Ex-CIA John Kiriakou: How "Access Agents" Infiltrate the 1%
youtube	CK1t_d0FWLg	374	DeProgram Show with Ted Ra	DeProgram Show with Ted Ra
youtube	2SIQ_Dg4HOk	94	DeProgram Show with Ted Ra	DeProgram Show with Ted Ra
youtube	nC0JNpqX_HY	90	The Deep Focus Show	The Deep Focus Show
youtube	RypVxybJzHo	84	DeProgram Show with Ted Ra	DeProgram Show with Ted Ra
youtube	WhCTh_N2ZfE	77	DeProgram Show with Ted Ra	DeProgram Show with Ted Ra
youtube	Z_cYfNCsUl4	77	DeProgram Show with Ted Ra	DeProgram Show with Ted Ra
youtube	lDOspNoh9IA	76	DeProgram Show with Ted Ra	DeProgram with Ted Rall and John Kiriakou: “France In Crisis”
youtube	UE-XS8gvwiM	76	DeProgram Show with Ted Ra	DeProgram Show with Ted Ra
youtube	JsS7xFWrR6o	74	DeProgram Show with Ted Ra	DeProgram Show with Ted Ra
youtube	wvk1YaH7xW8	74	DeProgram Show with Ted Ra	DeProgram Show with Ted Ra
youtube	LnuGCFlPKaI	73	DeProgram Show with Ted Ra	DeProgram Show with Ted Ra
youtube	YiPnxJE7vtk	72	DeProgram Show with Ted Ra	DeProgram Show with Ted Ra
youtube	MnwI7RsEqlk	71	DeProgram Show with Ted Ra	DeProgram Show with Ted Ra
youtube	u-8vskJZ_mE	71	DeProgram Show with Ted Ra	DeProgram Show with Ted Ra
youtube	2IPfeItwnb4	71	DeProgram Show with Ted Ra	DeProgram Show with Ted Ra
youtube	kVZsuWIrCsA	70	DeProgram Show with Ted Ra	DeProgram Show with Ted Ra
youtube	ryefwYfcDVY	70	DeProgram Show with Ted Ra	DeProgram Show with Ted Ra
youtube	Bg4Lkirhkp0	70	DeProgram Show with Ted Ra	DeProgram Show with Ted Ra
youtube	86XYgK4nal0	69	DeProgram Show with Ted Ra	DeProgram Show with Ted Ra
youtube	BZzv0jvOrIg	68	DeProgram Show with Ted Ra	DeProgram Show with Ted Ra
youtube	Htr-FhIuCKo	68	DeProgram Show with Ted Ra	DeProgram Show with Ted Ra
youtube	rUtq-Dx0LGo	68	DeProgram Show with Ted Ra	DeProgram Show with Ted Ra
youtube	XJPxC4mXVkM	67	DeProgram Show with Ted Ra	DeProgram Show with Ted Ra
youtube	dSPyBaQz8Yw	67	DeProgram Show with Ted Ra	DeProgram Show with Ted Ra
youtube	y1XO6M7lC2A	67	DeProgram Show with Ted Ra	DeProgram with Ted Rall and John Kiriakou: “France In Crisis”
youtube	_cAlUaDXSuI	66	DeProgram Show with Ted Ra	DeProgram Show with Ted Ra
youtube	u_K7Ab0PsdM	65	DeProgram Show with Ted Ra	DeProgram Show with Ted Ra
youtube	39xICxfs1Xg	64	DeProgram Show with Ted Ra	DeProgram Show with Ted Ra
youtube	vwweQtSlWCs	64	DeProgram Show with Ted Ra	DeProgram Show with Ted Ra
youtube	IGm-uWrcaRc	64	DeProgram Show with Ted Ra	DeProgram Show with Ted Ra
youtube	VQUnDT0pLTk	63	DeProgram Show with Ted Ra	DeProgram Show with Ted Ra
youtube	Jl-e9yAnTG0	61	DeProgram Show with Ted Ra	DeProgram Show with Ted Ra
youtube	V7-d0Y6eESc	61	DeProgram Show with Ted Ra	DeProgram with Ted Rall and John Kiriakou: “Gaza-istan?”
youtube	_uVF7K2KuZw	60	DeProgram Show with Ted Ra	DeProgram with Ted Rall and John Kiriakou: “Gaza-istan?”
youtube	c0crs_0HgAU	60	DeProgram Show with Ted Ra	Club Med Gaza / DeProgram with Ted Rall and John Kiriakou
youtube	75Fa5y2PaKY	60	DeProgram Show with Ted Ra	Regime Derange / DeProgram with Ted Rall and John Kiriakou
youtube	145C1-XphQs	60	DeProgram Show with Ted Ra	DeProgram Show with Ted Ra
youtube	0VbSt6pHILg	60	DeProgram Show with Ted Ra	Jordan Is Next / DeProgram with Ted Rall and John Kiriakou
youtube	UaGsDFC7E3c	59	DeProgram Show with Ted Ra	DeProgram Show with Ted Ra
youtube	T-Sex3kPJUA	59	DeProgram Show with Ted Ra	DeProgram Show with Ted Ra
youtube	0D-L8O6cuwI	59	DeProgram Show with Ted Ra	Club Med Gaza / DeProgram with Ted Rall and John Kiriakou
youtube	hw_Ta_maSFs	59	DeProgram Show with Ted Ra	DeProgram Show with Ted Ra
youtube	wM_qsmuiY5I	59	DeProgram Show with Ted Ra	Ecocide in Iran / DeProgram with Ted Rall and John Kiriakou
youtube	1mebPnYD1ko	59	DeProgram Show with Ted Ra	DeProgram Show with Ted Ra
youtube	lSX5xFPy53c	59	DeProgram Show with Ted Ra	DeProgram Show with Ted Ra
youtube	HNhvUJehZGo	58	DeProgram Show with Ted Ra	DeProgram Show with Ted Ra
youtube	0JhzkWOsd1s	58	DeProgram Show with Ted Ra	DeProgram Show with Ted Ra
youtube	cHidrQ_msEI	58	DeProgram Show with Ted Ra	DeProgram Show with Ted Ra
youtube	KpCXJcpsYAg	58	DeProgram Show with Ted Ra	DeProgram Show with Ted Ra
youtube	E9neBe4J3TE	58	DeProgram Show with Ted Ra	DeProgram Show with Ted Ra
youtube	tZ1gVL3EvcU	58	DeProgram Show with Ted Ra	Deprogram with Ted Rall and John Kiriakou: “Hamas Has Won"
youtube	rdzab0KqbA8	57	DeProgram Show with Ted Ra	The Fix Is In / DeProgram with Ted Rall and John Kiriakou
youtube	lg1k-9p0zT8	57	DeProgram Show with Ted Ra	The Fix Is In / DeProgram with Ted Rall and John Kiriakou
youtube	MK5zeJV8aqc	57	DeProgram Show with Ted Ra	DeProgram Show with Ted Ra
youtube	v9O8Ad-nL3Y	57	DeProgram Show with Ted Ra	DeProgram Show with Ted Ra
youtube	KqfGXMDtams	56	DeProgram Show with Ted Ra	DeProgram Show with Ted Ra
youtube	Cxd39y6-Aek	56	DeProgram Show with Ted Ra	DeProgram Show with Ted Ra
youtube	oE69sAdUisw	55	DeProgram Show with Ted Ra	DeProgram Show with Ted Ra
youtube	wSE9wdb21sA	53	The Deep Focus Show	The Deep Focus Show
youtube	ZhztQM2tuP8	52	The Deep Focus Show	The Deep Focus Show
youtube	NTxzYHQiY5c	52	The Deep Focus Show	The Deep Focus Show
youtube	oazTShMDcTo	51	The Deep Focus Show	The Deep Focus Show
youtube	kM0GV63SYxE	50	The Deep Focus Show	The Deep Focus Show
youtube	eW4mclDzLnk	49	John Kiriakou Podcast	John Kiriakou Podcast
youtube	M0gBPp6agJI	46	The Deep Focus Show	The Deep Focus Show
youtube	4M-DZrdQsAo	46	The Deep Focus Show	The Deep Focus Show
youtube	ajooPBe19Fc	41	The Deep Focus Show	The Deep Focus Show
youtube	0PpseUAcs-I	40	The JK Report	The JK Report
youtube	a-zcLxpie88	35	John Kiriakou Podcast	John Kiriakou Podcast
youtube	4OUCkluRD3g	32	The Deep Focus Show	The Deep Focus Show
youtube	swDJSeo-Et0	22	DeProgram Show with Ted Ra	John Kiriakou & Ted Rall's Live IRAN WAR Q&A / DeProgram Show
youtube	ECWpfM0cJDE	22	Deep Focus Network	Deep Focus Network
youtube	xtXIFRvv_xY	21	The Deep Focus Show	The Deep Focus Show
youtube	uRmZX8Psw8A	19	Deep Focus Report	John Kiriakou on Iran, Endless Wars and U.S. Foreign Policy
youtube	jNGeaQ5ZA28	11	DeProgram Show with Ted Ra	Ted Rall & John Kiriakou Iran War Viewer Q&A / DeProgram Show
youtube	aL2bZfMJnLE	11	DeProgram Show with Ted Ra	DeProgram Show with Ted Ra
youtube	sdltAgkEcrM	9	DeProgram Show with Ted Ra	Is War with Iran Imminent? / Ted Rall & John Kiriakou
youtube	2WIKj6XP27w	8	DeProgram Show with Ted Ra	John Kiriakou on CIA Coup Tactics, Trump's WMD, New MI6 Chief
youtube	-dnBFBNex6Q	8	DeProgram Show with Ted Ra	DeProgram Show with Ted Ra
youtube	kWTiAbJ2m2I	8	DeProgram Show with Ted Ra	Ted Rall & John Kiriakou React as Iran War Rages On
youtube	mxfzY6oMVig	7	DeProgram Show with Ted Ra	DeProgram Show with Ted Ra
youtube	GncMkStHa9Y	6	DeProgram Show with Ted Ra	DeProgram Show with Ted Ra
youtube	zroa2RWlUkA	6	The Deep Focus Show	The Deep Focus Show
youtube	X7B-IQ4MXFM	4	The Deep Focus Show	Israel Strikes Iran - John Kiriakou's Insights / DEEP FOCUS
audio	https://feeds.simplecast.com/HFfCVCG8	92	Abe Lincoln's Top Hat	Episode 572: Blowing the Whistle w/ John Kiriakou
audio	https://feeds.captivate.fm/atthemicshow/	128	At The Mic With Keith Malina	At The Mic With Keith Malina
audio	https://feeds.megaphone.fm/IRD7587717552	61	Borderland: Narcosis with Vi	Borderland: Narcosis with Vi
url	https://feed.podbean.com/capitalcoast/fe…	62	Capital & Coast	JAILED for Exposing CIA Secrets / John Kiriakou
audio	https://rss.buzzsprout.com/1502260.rss	85	Cigar Guys	Cigar Guys Episode 24 season 3
audio	https://anchor.fm/s/ef9dcb38/podcast/rss	40	Colonial Outcasts	Colonial Outcasts
audio	https://feeds.fireside.fm/crossingfaiths…	41	Crossing Faiths	162: John Kiriakou
audio	https://anchor.fm/s/e73cdce0/podcast/rss	34	Deep Shallow Dive	Deep Shallow Dive
audio	https://rss.libsyn.com/shows/32365/desti…	64	Epic Real Estate Investing	Epic Real Estate Investing
audio	https://www.spreaker.com/show/6855442/ep…	58	Eric A. Cinotti: Unplugged	Eric A. Cinotti: Unplugged
audio	https://feeds.acast.com/public/shows/63f…	79	Eyes Wide Open	Eyes Wide Open
url	https://www.omnycontent.com/d/playlist/5…	60	Eyewitness History	Eyewitness History
audio	https://rss.libsyn.com/shows/143186/dest…	53	Florida Men on Florida Man	Episode 366 - Snow White and the Secret Service
audio	https://feeds.megaphone.fm/WABC2521462439	30	Frank Morano Interviews & Mo	Frank Morano Interviews & Mo
audio	https://rss.buzzsprout.com/2109780.rss	87	GOLD SHIELDS	GOLD SHIELDS
audio	https://feeds.castos.com/k4rk5	28	Going Underground Hosted by	Going Underground Hosted by
audio	https://feeds.captivate.fm/history-told-…	65	History Told Forward: The St	History Told Forward: The St
url	https://media.rss.com/intelwithinpod/fee…	130	I Came With Fire	I Came With Fire
url	https://itsrainmakingtime.ch/feed/podcas…	70	It's Rainmaking Time!®	It's Rainmaking Time!®
audio	https://www.spreaker.com/show/1423846/ep…	135	Jay'sAnalysis	THEY Really Did THIS....John Kiriakou & Jay Dyer
audio	https://feeds.acast.com/public/shows/68e…	5	John Kiriakou's Dead Drop	John Kiriakou's Dead Drop
url	https://api.substack.com/feed/podcast/38…	50	LA Progressive	LA Progressive
audio	https://www.spreaker.com/show/5990774/ep…	58	Lehto Files - Investigating	Lehto Files - Investigating
audio	https://feeds.captivate.fm/lehtofiles/	58	Lehto Files - Investigating	Lehto Files - Investigating
audio	https://back.studeo.fm/podcasts/132/rss-…	43	Lionel Nation	Lionel Nation
audio	https://feeds.acast.com/public/shows/677…	77	MAD THAT w/ Harry Robinson &	CIA SPY VS 9/11 / JOHN KIRIAKOU
audio	https://feeds.captivate.fm/macroncheese/	60	Macro N Cheese	Spelunking the Deep State with John Kiriakou
audio	https://rss.amperwave.net/v2/feed/podcor…	64	Moment of Clarity	Moment of Clarity
url	https://feed.podbean.com/mypriceismylife…	91	My Price Is My Life With Jam	My Price Is My Life With Jam
url	https://www.omnycontent.com/d/playlist/e…	46	News Beat	News Beat
url	https://onthegroundshow.org/feed/podcast/	0	On the Ground w Esther Ivere	On the Ground w Esther Ivere
audio	https://www.spreaker.com/show/2914765/ep…	59	People's Republic	People's Republic
audio	https://feeds.castos.com/79j8v	49	PodSummarizer Weekly Newslet	(Summary) Joe Rogan Experience #2392 - John Kiriakou
audio	https://rss.buzzsprout.com/1798604.rss	53	Primary Sources	Primary Sources
audio	https://feeds.buzzsprout.com/1798604.rss	73	Primary Sources	Primary Sources
audio	https://anchor.fm/s/128d072c/podcast/rss	79	Real Coffee with Scott Adams	Real Coffee with Scott Adams
audio	https://www.spreaker.com/show/3510420/ep…	48	Reality Asserts Itself - Wit	Reality Asserts Itself - Wit
audio	https://www.spreaker.com/show/3478215/ep…	30	Reality Check with Ben Swann	Reality Check with Ben Swann
audio	https://anchor.fm/s/1120e1b00/podcast/rss	68	Reality Check with Ross Coul	Reality Check with Ross Coul
audio	https://rss.buzzsprout.com/2385051.rss	63	SaltCubeAnalytics	SaltCubeAnalytics
audio	https://feeds.soundcloud.com/users/sound…	28	SassMouthDames	A Star Was Born: Part One
audio	https://feeds.megaphone.fm/scotthortonsh…	35	Scott Horton Show - Just the	10/8/21 John Kiriakou on the Torture of Abu Zubaydah
audio	https://feeds.captivate.fm/sound-health-…	42	Sound Health Options - Richa	Sound Health Options - Richa
url	https://www.omnycontent.com/d/playlist/2…	65	Straight Talk with Mark Bour	Straight Talk with Mark Bour
audio	https://feeds.captivate.fm/talk-with-his…	29	Talk With History: Discover	Talk With History: Discover
audio	https://tellsomebody.libsyn.com/rss	58	Tell Somebody	Tell Somebody
audio	https://anchor.fm/s/ea4136c/podcast/rss	57	The Anchormen Show with Matt	The Anchormen Show with Matt
audio	https://anchor.fm/s/6838aa0/podcast/rss	58	The Antedote	Summary of Recent Phone Calls (Part 1)
audio	https://anchor.fm/s/fc419e50/podcast/rss	75	The Big Mig Show	Ex-CIA & Founder of Panquake, John Kiriakou /EP531
audio	https://rss.libsyn.com/shows/332183/dest…	36	The Brave Technologist	The Brave Technologist
audio	https://anchor.fm/s/1042dee5c/podcast/rss	50	The DeVory Darkins Show	The DeVory Darkins Show
audio	https://anchor.fm/s/b6d47248/podcast/rss	0	The Debrief	The Debrief
audio	https://rss2.flightcast.com/xmsftuzjjykc…	105	The Diary Of A CEO with Stev	The Diary Of A CEO with Stev
audio	https://anchor.fm/s/1012ec3d4/podcast/rss	35	The Disinfo Detox	The Disinfo Detox
audio	https://www.spreaker.com/show/6791777/ep…	87	The Hostile Zone with Eric A	The Hostile Zone with Eric A
audio	https://rss.buzzsprout.com/1599790.rss	59	The Independent Riot	The Independent Riot
url	https://podcasts.files.bbci.co.uk/p004t1…	23	The Interview	Former CIA Intelligence Officer - John Kiriakou
url	https://feed.podbean.com/theincrediblejo…	79	The JOJ	The JOJ
audio	https://www.spreaker.com/show/4788100/ep…	59	The Jeff Dornik Show	The Jeff Dornik Show
audio	https://anchor.fm/s/d0e0ff8/podcast/rss	14	The Kate Dalley Show	Interview with Ex CIA Whistleblower John Kiriakou
audio	https://feeds.acast.com/public/shows/the…	59	The Mechanic	S1E9 Kiriakou, John Kiriakou
audio	https://rss.art19.com/the-pete-santilli-…	61	The Pete Santilli Show	The Pete Santilli Show
audio	https://www.spreaker.com/show/4221519/ep…	59	The Sharin' Hour	The Sharin’ Hour 1/11/16: JOHN KIRIAKOU, ex-C.I.A.
audio	https://anchor.fm/s/10ca75334/podcast/rss	31	The Weekly Filibuster	The Weekly Filibuster
audio	https://feeds.megaphone.fm/thispastweeke…	141	This Past Weekend w/ Theo Vo	This Past Weekend w/ Theo Vo
audio	https://rss.libsyn.com/shows/467049/dest…	118	Tin Foil Hat With Sam Tripol	#959: Spy Vs Spy With John Kiriakou
audio	https://feeds.redcircle.com/4d07ef8e-d06…	36	Trip the Beltway Fantastic W	Trip the Beltway Fantastic W
audio	https://feeds.acast.com/public/shows/663…	78	USA & Co	USA & Co
audio	https://anchor.fm/s/4b8b7144/podcast/rss	61	Unauthorized Disclosure	Unauthorized Disclosure - Guest: John Kiriakou
url	https://feed.podbean.com/michaelkjaco/fe…	72	Unleashing Intuition Secrets	Unleashing Intuition Secrets
audio	https://anchor.fm/s/107adecf8/podcast/rss	84	Unwashed and Unruly	It’s a Big Club: Epstein and the Ruling Class
audio	https://anchor.fm/s/f2af30f0/podcast/rss	12	Vetted: The UFO Sleuth	Vetted: The UFO Sleuth
audio	https://anchor.fm/s/dbba71ac/podcast/rss	36	Virtuous Leaders with Dr. Jo	Virtuous Leaders with Dr. Jo
audio	https://rss.buzzsprout.com/1741657.rss	45	Whistleblower of the Week	Whistleblower of the Week
audio	https://whowhatwhy.libsyn.com/rss	19	WhoWhatWhy's Podcasts	It Takes a Whistleblower to Know One
audio	https://anchor.fm/s/4ed344f8/podcast/rss	72	Yung Flamingo Club	Yung Flamingo Club: John Kiriakou
audio	https://rss.buzzsprout.com/2289560.rss	51	con-sara-cy theories	con-sara-cy theories
url	https://api.substack.com/feed/podcast/80…	36	historicly	Whistleblower Witch Hunt with John Kiriakou
audio	https://anchor.fm/s/1bea3808/podcast/rss	75	what should we call it	John Kiriakou and People who suck
youtube	JyxFQVWJ3Eo	194	Due Dissidence and Liberty	Trump's UNHINGED Threat, Kiriakou SPILLS TEA on Israel, Dill
youtube	h9egQ2hYdjE	141	Voxera Production Official	Voxera Production Official
youtube	2M8u-MbN9jA	71	Truthwire	Where the Hell Is Panquake? Surveillance & The Technocratic
youtube	ygEFDZAXzWM	63	DMZ America Podcast	Scott Has Questions for John Kiriakou / DMZ America Podcast
youtube	SbOKQqFcexU	58	Dialogue Works	John Kiriakou: Israel Humiliates Itself - Middle East on the
youtube	uhketm9NKeM	55	Lee Camp - Unredacted Toni	CIA Whistleblower John Kiriakou Joins Lee Camp
youtube	gCNk9IqON4k	53.2	TRT World	20 Years After 9/11 / Inside America with Ghida Fakry
youtube	AqY21KZDOzg	53	Elizabeth Lane TV and John	Skinwalker Ranch, UFOs, USOs and Secret Projects
youtube	Rq_g3ox_VDU	53	Slow News Day	#FreeAssangeVigil Week 46.1 w/ John Kiriakou, Fiorella of Co
youtube	rWCw_et5fW0	37	The Deep Focus Show	Will Israel Use Nukes? Iran Threat & The Truth About “Good G
youtube	vhyQRc1vzkg	34.0	The Real News Network	We don't need the CIA - The Chris Hedges Report
youtube	y1iSbvokFA0	32.9	The Young Turks	Former CIA Agent Explains Why We Need To Break Up With Israe
youtube	djGUiuyziYE	30	Deep Focus Network	John Kiriakou: The Truth About America's Prison System
youtube	7qT2zkChC3w	29	Kim Iversen	Banks Are the New Thought Police – THIS Changes EVERYTHING /
youtube	2BBbL8AWrWc	25	American Exception	Late Imperial Blues – John Kiriakou (DCC85)
youtube	Tk9q6OCiFXY	24.2	TeleSUR English	Interviews from Washington DC - Whistleblower Denounces CIA
youtube	26E0z7up8ZI	24	acTVism Munich	Bezahlung für Begnadigungen? CIA Whistleblower Kiriakou über
youtube	uTpvKzNoaa4	20	Eb&Flow	Mehdi Hasan Presses John Kiriakou About His Politics / The E
youtube	7sKiso0Zyko	20	Neutrality Studies	This Is What They Don't Tell You About Iran / Harry Berger &
youtube	uqN6mNL-dfI	19	MintPress News	Former CIA Agent John Kiriakou Takes Us Inside The Saudi Ter
youtube	AsQUErTJYOE	17	Megyn Kelly	The TRUTH About "MK Ultra" and Why Conspiracy Theories Grow
youtube	m5jv4cA1oD0	14	Redacted	The CIA is FINISHED as we know it Trump is burning it down w
youtube	QOcImjrlc-E	12	Daniel Davis / Deep Dive	Trump's BULLY PULPIT NOT WORKING /Lt Col Daniel Davis & John
youtube	aulPxaV0M2g	12	Due Dissidence	Kiriakou: Israelis Asked EVERY PRESIDENT To ATTACK Iran! - w
youtube	Wqv5Spq3KH8	10.6	The Real News Network	CIA Torture Architects Settle With Victims to Avoid Trial
youtube	I3TYrERiRMA	10	Robin Hensel	John Kiriakou - Tackling Torture at the Top (11-12-15 Hamlin
youtube	B2pTbYqWYos	9.3	The Real News Network	CIA Whistleblower: John Brennan Is Out For Himself, Not the
youtube	kcHBXm1aWIM	9.2	Democracy Now!	Profiting from Pardons: Giuliani Aide Told CIA Whistleblower
youtube	r2oKRg0cVw4	9.1	CGTN America	The Heat: Crackdown on whistleblowers in the US Pt2
youtube	VB81AhUzTo8	9	MintPress News	John Kiriakou: Exposing CIA Torture & U.S War Crimes / State
youtube	62YZdb3Lj5o	8.9	LBC	CIA whistleblower on Epstein Files: Why no one will be broug
youtube	YfzSoVAuSwY	8.6	The Real News Network	CIA Whistleblower: Harvard Picks Torture Apologists Over Che
youtube	0hBoeUZ_3dc	8.2	The Young Turks	CIA Torture Whistleblower Gets 30 Months
youtube	-ZzRSvKhSF4	6.8	Democracy Now!	CIA Whistleblower: Biden Intel Pick Avril Haines Approved Ob
youtube	CcFmxrqBjb4	6.6	The Real News Network	Intelligence Agencies Are Gathering Information Against You
youtube	OXDE74alvzA	6.5	The Young Turks	CIA Agent Charged With Espionage Act by Justice Department
youtube	qHH5-GSoRRY	6.4	Fox Business	The whistleblower did not think this through: Former CIA whi
youtube	5-xgSQyOlg0	5.5	Democracy Now!	Silenced Film Explores the Human Toll of Obama's Crackdown o
youtube	FdnU_2u_FY4	5.0	Channel 4 News	CIA whistleblower faces jail term
youtube	ZpDc1hscfeQ	4.7	Democracy Now!	“She Tortured Just for the Sake of Torture”: CIA Whistleblow
youtube	egmGLaf76DM	4.6	Fox News	'YOU LIAR': Former CIA official calls Fauci's pardon 'unacce
youtube	kPCRVN3yjAA	4.5	Middle East Eye	Jeffrey Epstein was accused of being 'an access agent for th
youtube	HVtBEQIzLxk	4.4	The Young Turks	CIA Whistleblower's Tips On How Not to Get Killed in Jail
youtube	ogmHpa7Zf54	4.2	The Global Pulse News	Pakistan's Nukes Under US Control? Ex-CIA Officer John Kiria
youtube	SXfpRLeLH70	4.1	Fox News	CIA whistleblower: This is an insult to real whistleblowers
youtube	wcFcnNBYlSI	3.6	Fox News	CIA whistleblower: 'All it takes is a signature' to get Epst
youtube	ZAUTVOgCVzA	3.6	Fox News	Former CIA whistleblower on Durham probing Brennan's role in
youtube	MeMlE3ppJrs	2.8	Democracy Now!	If Gina Haspel Is Confirmed at CIA, the U.S. Would Be Giving
youtube	nxhsU5oCt4c	2.5	Al Jazeera English	Ex-CIA agent heads to prison for torture leak
youtube	e1VgVU63D6s	2	MintPress News	Former CIA officer John Kiriakou reveals why he exposed the
youtube	D3kxtqefUPg	2	CovertAction Magazine	Former CIA Counter Terrorism Specialist John Kiriakou on Rub
youtube	Ek6ot2JKi2g	2	CovertAction Magazine	Former CIA Counter Terrorism Specialist John Kiriakou: Final
youtube	dyo7Al7LJHs	2	Katie Halper	F*** Joe Biden! - CIA Whistleblower John Kiriakou
youtube	06ioehKOpRI	2	Katie Halper	Why Edward Snowden Is NOT A TRAITOR w/ CIA Whistleblower Joh
youtube	6DYjq-aDLKA	2.0	CGTN America	Assange: political prisoner or criminal?
youtube	cMncTyJAdQg	1.9	JewishNewsOne	Former CIA officer sentenced for leaks
youtube	DGsZLJx0mbY	1.4	AP Archive	US government leak crackdown snags ex-CIA officer
youtube	s6dLqOPSwu0	1.1	Fox News	CIA whistleblower on his life of espionage
youtube	VtRxlxHNVlQ	1	CovertAction Magazine	Former CIA Counter Terrorism Specialist John Kiriakou Talks
youtube	wh8RwfFTIYQ	1	CovertAction Magazine	Former CIA Counter Terrorism Specialist John Kiriakou on Tru
youtube	fYN9zLBJXh8	1	CovertAction Magazine	Former CIA Counter Terrorism Specialist John Kiriakou's Opin
youtube	GyK2WK7_A7o	1	CovertAction Magazine	Former CIA Counter Terrorism Specialist John Kiriakou: What
youtube	oMbSh_YLZ80	1	CovertAction Magazine	John Kiriakou, Former CIA Counter Terrorism Specialist on Cy
youtube	bvGjGpacN2I	1	Katie Halper	CIA Whistleblower John Kiriakou Predicts JFK Files
youtube	Bu8Hww81wTc	1	Katie Halper	Why CIA Whistleblower John Kiriakou Almost Took His Own Life
youtube	0CKAts-yzTc	1	Katie Halper	‘I’d Like To Smack Mitch McConnell’s Turtle Face’ - CIA Whis
youtube	dHIRaOP5SAw	1	Piers Morgan Uncensored	Former CIA Intelligence John Kiriakou On Epstein Files Disap
youtube	l_Lj7bhzRIs	1	ProjectCensored	It's Not About Justice: John Kiriakou on his experiences wit
youtube	l4RclffUoYc	1	Real Progressives	The CIA Serves the Capital Order w/ John Kiriakou #shorts
youtube	gpkfBmA2oH4	1.0	Government Accountability	GAP's Jesselyn Radack on NSA Whistleblower Tom Drake and CIA
url	https://api.substack.com/feed/podcast/86…	14	Talk Cocktail	If Gina Haspel is confirmed, will CIA torture be
url	https://api.substack.com/feed/podcast/11…	61	The Malliard Report: Where	The Malliard Report: Where
audio	https://clearingthefogradioshow.libsyn.c…	60	Clearing the FOG with co-h	The Banal Evil Of US Imperialism: A View From In
audio	https://feeds.captivate.fm/fortressonahi…	48	Fortress On A Hill (FOH) P	Fortress On A Hill (FOH) P
audio	https://rss.buzzsprout.com/222642.rss	51	Spartan Leadership with Jo	CIA EXPOSED: Whistleblower Reveals Torture Secre
audio	https://anchor.fm/s/1044e334c/podcast/rss	61	UK Column News	UK Column News Podcast 2nd April 2025
audio	https://rss.art19.com/daniel-davis-deep-…	31	Daniel Davis Deep Dive	Ukraine Drone Strikes on Russia: How Much did th
audio	https://www.spreaker.com/show/6648050/ep…	108	XG MARKS THE SPOT	John Kiriakou on TFH, The arrest of Ryan Wedding
youtube	elg4ufjFRSQ	123	Katie Halper	CIA Whistleblower John Kiriakou On Declassified 9/11 Documen
youtube	gYIewDz5Q-c	85	Militaire News	Ο Τ.Κυριακού πρώην πράκτορας της CIA μιλά για όλα στον Αλ.Τσ
youtube	lS9LJ-nQRZY	84	The Jason Jones Show	John Kiriakou on God, Courage, and Becoming a Gen Z Icon: Es
youtube	m6YVXC1HGsw	69	DCM TV	EXCLUSIVO: Parceria Lava Jato-EUA foi movida por ódio e dinh
youtube	zoMmrLQx934	58	The Opperman Report	John Kiriakou On Bob Costello Pardon 4 Sale & Hunter Biden l
youtube	xeL0QGTHOho	58	Danny Jones	Ex-CIA Spy Breaks Down How He Captured Abu Zubaydah / John K
youtube	Y76fJsFNz3o	55	Suzi 3D	CIA Whistleblower John Kiriakou Joins Lee Camp to talk Panqu
youtube	BZThgNB4qIc	54	العربي - أخبار	جاسوس أميركي يكشف طريقة تجنيده وخبايا مهماته السرية - جون كي
youtube	lhX9bjdYaQU	50	العربي - أخبار	كيف انتقمت سي آي إيه من ضابطها الذي فضح برنامجها للتعذيب؟ -
youtube	Et93Sc4bQWc	50	العربي - أخبار	ضابط السي آي إيه يفضح برنامج الوكالة السري للتعذيب - جون كير
youtube	x6pirxcMhK8	46	Pete A Turner	John Kiriakou – US Espionage and Foreign Policy
youtube	ZMlLBUqjmTg	45	London Real	Ukraine War, Mass Surveillance, Trump, UFOs & CIA Torture Ta
youtube	okH2cJr7qiA	45	Suzi 3D	FULL INTERVIEW: John Kiriakou & Sean O'Brien talk Panquake w
youtube	-v55tpm11J8	37	LADbible Stories	The CIA Officer Who Exposed America's Torture Programme / Mi
youtube	WRJzaHMj2IY	37	GQ	Ex-CIA Officer John Kiriakou Breaks Down Spy Movies
youtube	ibhnui-G5T4	30	Lawyers' Committee for 9/1	Remarks by John Kiriakou, former CIA officer
youtube	9jbpBecvpQ0	28	Afshin Rattansi's Going Un	CIA Whistleblower John Kiriakou REVEALS ALL on US-Israel All
youtube	aYzvjRksz9Q	27	Mario Nawfal	'Always Watch The Naval Movements' - Ex-CIA Officer John Kyr
youtube	3CSvSw_UWD8	25	AlJazeera Arabic	لقاء اليوم / الأسرار والانتهاكات في سجون أمريكا - جون كيرياك
youtube	XXrxAMIULBo	24	Insider	CIA Officer John Kiriakou Rates 9 Counterterrorism Scenes In
youtube	7e8WruFn070	18	ANI News	Ex-CIA Agent Kiriakou: The U.S. Was Waiting for India to Att
youtube	r9-zsOJsCY0	11	zouglagr	Ο πρώην πράκτορας της CIA Τζον Κυριάκου μιλά ανοιχτά για την
youtube	huJZybGG98I	9	Σάββας Καλεντερίδης	Αποκλειστική συνέντευξη του πρώην αξιωματικού της CIA Τζων Κ
youtube	eQ8KyLSp9aI	9	Χρήστος Κωνσταντινίδης	Συνέντευξη με τον πρώην αξιωματικό της CIA Τζων Κυριακού (Gr
youtube	YsxanhM3CS4	9	Katie Halper	Formerly Incarcerated CIA Agent John Kiriakou: The Prison Sy
youtube	AFn6we3pR7U	7	بدون ورق+	كيف قمت بتجنيد رجل استخبارات شرق أوسطي؟ - جون كيرياكو (Arabi
youtube	ztdzNcmU8FU	7	Republic World	US Runs Pak's Nuclear Strength? Ex-CIA John Kiriakou Decodes
youtube	Y-T1JZ3Tj7s	7	Unfiltered With S.A.M.	JOHN KIRIAKOU: Venezuela Wasn't About Oil - It Was About the
youtube	kj_agEYf1yY	7	Unfiltered With S.A.M.	JOHN KIRIAKOU: There Is NO Good Guy in U.S. Politics
youtube	8348t00ENDI	6	CODEPINK	John Kiriakou – Never Forget: 9/11 and the 20 Year War on Te
youtube	uTIi8cou10U	6	TOI Bharat	'Wiped My A** With It': Ex-CIA Kiriakou Reveals What He Did
youtube	JJXG3YkVdGY	5	TOI Bharat	'Pakistan Will Lose Any Conventional War Against India': Ex-
youtube	6GRPgGQX_5M	4	AlJazeera Arabic	ضابط استخبارات أمريكي سابق للجزيرة: إسرائيل حاولت تجنيدي - ج
youtube	WtmKVHRei9s	4	ANI News	Ex-CIA Agent Kiriakou Explains Why Pakistan Stands No Chance
youtube	QkcNo1XF92c	3	Nationalpost TV	Πρώην πράκτορας της CIA Τζον Κυριάκου: Ο Τραμπ στήνει παγίδα
youtube	_H0D8LbhHWM	3	Pentapostagma TV	Πρώην πράκτορας CIA: Ο Νετανιάχου είπε στον Τραμπ ότι θα χτυ
youtube	8CaxAqpMzhI	3	Nationalpost TV	Αποκάλυψη βόμβα από Κυριάκου: Ο Τραμπ χτύπησε το Ιράν γιατί
youtube	GDtYT5Bzux8	3	Nationalpost TV	Ελληνοαμερικανός πρώην πράκτορας CIA αποκαλύπτει - Αυτές οι
youtube	oAgBgV-tS3M	3	Pentapostagma TV	Ελληνοαμερικανός πρώην πράκτορας της CIA: Κακώς στην Ελλάδα
youtube	LjBCKQYdB3U	3	AlArabiya العربية	فضح جون كيرياكو أسرارا كبيرة عن المخابرات الأميركية وتحول لخ
youtube	mUeTxPRrYXU	3	AlJazeera Arabic	ضابط سابق في الاستخبارات الأمريكية: إسرائيل طلبت من كل رئيس
youtube	S7Ep15MWzdg	2	Voices of Liberty	CIA Torture Whistleblower John Kiriakou, Part 5: 'Enhanced I
youtube	RgZoLf-Dwpg	1	CODEPINK	John Kiriakou on Daniel Ellsberg #shorts
youtube	olK01DwhCkc	1	Voices of Liberty	CIA Torture Whistleblower John Kiriakou, Part 9: How to Blow
url	https://consortiumnews.com/2019/04/05/live-join-	240	Event / CN Live! (Consor	Marathon Assange Vigil 2019 - Kiriakou with Daniel E
url	https://rumble.com/embed/ucfsd.v6ybr7s/	224	Rumble / The Deep Focus	Going Deeper: Q&A with John Kiriakou (3h44m live Q&A
url	https://consortiumnews.com/2023/03/02/watch-assa	120	Event / CN Live! (Consor	Assange Belmarsh Tribunal, Sydney 2023 - Kiriakou te
url	https://consortiumnews.com/2019/08/30/watch-cn-l	90	Event / CN Live! Episode	John Kiriakou on the 9/11 Trial (Guantanamo military
url	https://rumble.com/embed/ucfsd.v6upapu/	87	Rumble / DeProgram (Ted	DeProgram: "UK To Recognize Palestine"
url	https://samadamsaward.ch/john-kiriakou/	79	Event / Sam Adams Associ	15th Sam Adams Award for Integrity ceremony honoring
url	https://rumble.com/v6xiypu-deprogram-with-ted-ra	67	Rumble / DeProgram (Ted	DeProgram: "Afghanistan and US Both Shut Down"
url	https://sputniknews.com/radio_loud_and_clear/201	55	Radio Sputnik / Loud & C	US Intel Veterans' Letter to Obama: Where's the Proo
url	https://rumble.com/embed/ucfsd.v703mwy/	48	Rumble / DeProgram PREMI	Ted Rall & John Kiriakou Reveal Their All-Time Favor
url	https://rumble.com/v6w9y1k-john-kiriakou-america	41	Rumble / MessyTimes	John Kiriakou, American Patriot and CIA Whistleblowe
url	https://www.bitchute.com/video/dS5IIYFFKliM/	27	BitChute	Kiriakou AS INTERVIEWER: Former CIA Officer John Kir
url	https://rumble.com/v743g8i.html	25	Rumble / Liberty Vault	John Kiriakou Reveals Why ZERO American Heads Will R
url	https://odysee.com/@DavidGornoski:c/cia-torture-	23	Odysee / David Gornoski	CIA Torture Whistleblower John Kiriakou Explores Lif
url	https://sputnikglobe.com/20160129/loud-clear-kir	12	Radio Sputnik / Loud & C	CIA 'Tortured for the Sake of Torture': Whistleblowe
url	https://rumble.com/v74tvlo.html	10	Rumble / John Kiriakou O	Kiriakou AS INTERVIEWER: Could Iran Collapse the Glo
url	https://vimeo.com/1145394865	7	Vimeo / Americans Who Te	Speaking Truth to Youth: John Kiriakou (feature-port
url	https://www.dailymotion.com/video/xa09xbq	3	Dailymotion (French-lang	John Kiriakou, ancien officier de la CIA, affirme qu
url	https://rumble.com/c/JohnKiriakouOfficial	0	Rumble CHANNEL / John Ki	His own native-Rumble channel - hosts full interview
url	https://rumble.com/c/DeProgramShow	0	Rumble CHANNEL / DeProgr	Daily co-hosted show (Ted Rall + Kiriakou); dozens o
audio	https://rss.buzzsprout.com/1903718.rss	9	CovertAction Bulletin	The 9/9/2001 Massoud Assassination
url	https://sputnikglobe.com/export/itunes…	172	Fault Lines	Iranian President and High Ranking Officials
audio	https://feeds.blubrry.com/feeds/375208…	58	Law and Disorder Radio	Law and Disorder September 9, 2024
audio	https://feeds.soundcloud.com/users/sou…	9	Pushback with Aaron Mate	Ex-CIA analyst on why he predicted John Bolt
audio	https://feeds.megaphone.fm/scotthorton…	44	Scott Horton Show - Just	5/6/22 John Kiriakou on the War on Alternati
audio	https://back.studeo.fm/podcasts/132/rss-feeds	43	Lionel Nation	Lionel Nation
audio	https://feed.podbean.com/capitalcoast/feed.xml	62	Capital & Coast	JAILED for Exposing CIA Secrets / John Kiriakou
audio	https://feed.podbean.com/michaelkjaco/feed.xml	72	Unleashing Intuition Secrets	John Kiriakou
audio	https://feed.podbean.com/mypriceismylife/feed.xml	91	My Price Is My Life	John Kiriakou
audio	https://feed.podbean.com/theincrediblejoj/feed.xml	79	The JOJ	John Kiriakou
audio	https://feeds.acast.com/public/shows/63fcc639d6d597001141e164	79	Eyes Wide Open	John Kiriakou
audio	https://feeds.acast.com/public/shows/663887294e48ad0012648ea5	78	USA & Co	USA & Co
audio	https://feeds.acast.com/public/shows/6777d0d8598149a3f9d76129	77	MAD THAT w/ Harry Robinson &	CIA SPY VS 9/11 / JOHN KIRIAKOU
audio	https://feeds.acast.com/public/shows/68e695c6d798804c9e4bbd13	5	John Kiriakou's Dead Drop	John Kiriakou's Dead Drop
audio	https://feeds.acast.com/public/shows/69c72424e05c00aacfb5fadc	59	The Mechanic	S1E9 Kiriakou, John Kiriakou
audio	https://feeds.blubrry.com/feeds/3752083.xml	58	Law and Disorder Radio	Law and Disorder September 9, 2024
audio	https://feeds.captivate.fm/fortressonahill/	48	Fortress On A Hill (FOH) P	Fortress On A Hill (FOH) P
audio	https://feeds.captivate.fm/history-told-forward/	65	History Told Forward	John Kiriakou Whistleblower
audio	https://feeds.captivate.fm/sound-health-options/	42	Sound Health Options - Richa	Sound Health Options - Richa
audio	https://feeds.captivate.fm/talk-with-history/	29	Talk With History: Discover	Talk With History: Discover
audio	https://feeds.fireside.fm/crossingfaiths/rss	41	Crossing Faiths	162: John Kiriakou
audio	https://feeds.megaphone.fm/scotthortonshow	35	Scott Horton Show	10/8/21 John Kiriakou on the Torture of Abu Zubaydah
audio	https://feeds.megaphone.fm/scotthortonshow	44	Scott Horton Show	5/6/22 John Kiriakou on the War on Alternative Media
audio	https://feeds.megaphone.fm/thispastweekend	141	This Past Weekend w/ Theo Von	John Kiriakou
audio	https://feeds.redcircle.com/4d07ef8e-d065-426b-899b-6cb174162c87	36	Trip the Beltway Fantastic W	Trip the Beltway Fantastic W
audio	https://feeds.soundcloud.com/users/soundcloud:users:376546007/sounds.rss	28	SassMouthDames	A Star Was Born: Part One
audio	https://feeds.soundcloud.com/users/soundcloud:users:5776439/sounds.rss	9	Pushback with Aaron Mate	Ex-CIA analyst on why he predicted John Bolt
audio	https://rss.amperwave.net/v2/feed/podcorn/1295984f1a3f61366d87e69dcbaec446	64	Moment of Clarity	Moment of Clarity
audio	https://rss.art19.com/daniel-davis-deep-dive	31	Daniel Davis Deep Dive	Ukraine Drone Strikes on Russia
audio	https://rss.art19.com/the-pete-santilli-show	61	The Pete Santilli Show	Pete Santilli John Kiriakou
audio	https://rss.libsyn.com/shows/143186/destinations/904169.xml	53	Florida Men on Florida Man	Episode 366 - Snow White and the Secret Service
audio	https://rss.libsyn.com/shows/32365/destinations/70728.xml	64	Epic Real Estate Investing	Epic Real Estate Investing
audio	https://rss.libsyn.com/shows/332183/destinations/2705240.xml	36	The Brave Technologist	The Brave Technologist
audio	https://rss.libsyn.com/shows/40950/destinations/122538.xml	60	Clearing the FOG with co-h	The Banal Evil Of US Imperialism: A View From In
audio	https://rss.libsyn.com/shows/467049/destinations/3949218.xml	118	Tin Foil Hat With Sam Tripoli	#959: Spy Vs Spy With John Kiriakou
audio	https://rss2.flightcast.com/xmsftuzjjykcmqwolaqn6mdn	105	The Diary Of A CEO with Stev	The Diary Of A CEO with Stev
audio	https://www.spreaker.com/show/1423846/episodes/feed	135	Jay'sAnalysis	THEY Really Did THIS....John Kiriakou & Jay Dyer
audio	https://www.spreaker.com/show/2914765/episodes/feed	59	People's Republic	People's Republic John Kiriakou
audio	https://www.spreaker.com/show/3478215/episodes/feed	30	Reality Check with Ben Swann	Reality Check Ben Swann John Kiriakou
audio	https://www.spreaker.com/show/3510420/episodes/feed	48	Reality Asserts Itself	Reality Asserts Itself John Kiriakou
audio	https://www.spreaker.com/show/4221519/episodes/feed	59	The Sharin' Hour	The Sharin' Hour 1/11/16: JOHN KIRIAKOU, ex-C.I.A.
audio	https://www.spreaker.com/show/4788100/episodes/feed	59	The Jeff Dornik Show	The Jeff Dornik Show John Kiriakou
audio	https://www.spreaker.com/show/5990774/episodes/feed	58	Lehto Files	Lehto Files John Kiriakou
audio	https://www.spreaker.com/show/6648050/episodes/feed	108	XG MARKS THE SPOT	John Kiriakou on TFH, The arrest of Ryan Wedding
audio	https://www.spreaker.com/show/6791777/episodes/feed	87	The Hostile Zone with Eric Cinotti	The Hostile Zone John Kiriakou
audio	https://www.spreaker.com/show/6855442/episodes/feed	58	Eric A. Cinotti: Unplugged	Eric Cinotti Unplugged John Kiriakou
url	https://api.substack.com/feed/podcast/1185397.rss	61	The Malliard Report: Where	The Malliard Report: Where
url	https://api.substack.com/feed/podcast/382849.rss	50	LA Progressive	LA Progressive
url	https://api.substack.com/feed/podcast/8079.rss	36	historicly	Whistleblower Witch Hunt with John Kiriakou
url	https://api.substack.com/feed/podcast/863339.rss	14	Talk Cocktail	If Gina Haspel is confirmed, will CIA torture be
url	https://itsrainmakingtime.ch/feed/podcast/	70	It's Rainmaking Time!®	It's Rainmaking Time!®
url	https://media.rss.com/intelwithinpod/feed.xml	130	I Came With Fire	I Came With Fire
url	https://podcasts.files.bbci.co.uk/p004t1s0.rss	23	The Interview	Former CIA Intelligence Officer - John Kiriakou
url	https://sputnikglobe.com/export/itunes/rss2/radio_fault_lines.xml	172	Fault Lines	Iranian President and High Ranking Officials
url	https://www.omnycontent.com/d/playlist/2fb3740d-3436-44af-8cc0-a91900716aa5/1c4759f0-81fc-4f35-85d1-b305004fc1e8/573776d2-4dbd-4f2f-a825-b305004fc1ef/podcast.rss	65	Straight Talk with Mark Bour	Straight Talk with Mark Bour
url	https://www.omnycontent.com/d/playlist/5e27a451-e6e6-4c51-aa03-a7370003783c/67981960-b1f7-49a3-a22f-b13f011c5bd0/82eabb02-c475-4846-91b4-b13f011cc2d0/podcast.rss	60	Eyewitness History	Eyewitness History
url	https://www.omnycontent.com/d/playlist/ed1c4567-4a2a-4d8b-862f-ab600003d530/24e95e5d-204a-4bdf-bbf8-ab6f016788ff/9b234dab-0449-442c-9203-ab6f01678903/podcast.rss	46	News Beat	News Beat
